average_rating,track_inventory,allow_backorders,is_in_stock,digital_file_size,download_limit,download_expiry_days,weight,dimensions,gallery_images,category_id,is_featured,is_bestseller,total_sold,total_revenue,id,review_count,created_at,updated_at,published_at,sales_count,stock,is_digital,price,compare_at_price,cost_price,profit_margin,stock_quantity,low_stock_threshold,sku,name,slug,description,short_description,featured_image_url,file_path,video_url,gallery,tags,brand,status,image_url,category,product_type,digital_file_url,visibility,digital_file_type,meta_title,meta_description,meta_keywords,features
0,true,false,false,,,,50,"{""length"": 0, ""width"": 0, ""height"": 0}",,,false,false,0,0,,0,2024-01-01,2024-01-01,2024-01-01,0,0,false,870,0,0,0,0,20,17,Cement,cement,Cement for construction,50kg cement bag,,,,,"{""construction"", ""building""}",,Out of Stock,,Cement & Binders,Product,,published,,Cement,High quality construction cement,"{""cement"", ""construction"", ""building""}","{""Durable"", ""Water resistant""}"
0,true,false,false,,,,25,"{""length"": 0, ""width"": 0, ""height"": 0}",,,false,false,0,0,,0,2024-01-01,2024-01-01,2024-01-01,0,0,false,4500,0,0,0,0,1,167,Putty 25kg,putty-25kg,Wall putty for finishing,25kg wall putty,,,,,"{""finishing"", ""walls""}",,Out of Stock,,Cement & Binders,Product,,published,,Putty 25kg,Wall finishing putty,"{""putty"", ""wall"", ""finishing""}","{""Smooth finish"", ""Easy application""}"
0,true,false,false,,,,1,"{""length"": 0, ""width"": 0, ""height"": 0}",,,false,false,0,0,,0,2024-01-01,2024-01-01,2024-01-01,0,0,false,150,0,0,0,0,5,182,Tile grout,tile-grout,Tile grout for tile installation,Tile grout,,,,,"{""tiles"", ""grout""}",,Out of Stock,,Cement & Binders,Product,,published,,Tile grout,Tile installation grout,"{""tile"", ""grout"", ""installation""}","{""Water resistant"", ""Durable""}"
0,true,false,false,,,,1,"{""length"": 0, ""width"": 0, ""height"": 0}",,,false,false,0,0,,0,2024-01-01,2024-01-01,2024-01-01,0,0,false,100,0,0,0,0,10,188,Water proof cement 1kg,water-proof-cement-1kg,Waterproof cement for sealing,1kg waterproof cement,,,,,"{""waterproof"", ""sealing""}",,Out of Stock,,Cement & Binders,Product,,published,,Water proof cement 1kg,Waterproof sealing cement,"{""waterproof"", ""cement"", ""sealing""}","{""Waterproof"", ""Sealing""}"
0,true,false,false,,,,2.5,"{""length"": 0, ""width"": 0, ""height"": 0}",,,false,false,0,0,,0,2024-01-01,2024-01-01,2024-01-01,0,0,false,350,0,0,0,0,3,139,Polyfillers 2.5kg,polyfillers-2-5kg,Polyfiller for wall repairs,2.5kg polyfiller,,,,,"{""repair"", ""filler""}",,Out of Stock,,Cement & Binders,Product,,published,,Polyfillers 2.5kg,Wall repair polyfiller,"{""polyfiller"", ""repair"", ""wall""}","{""Quick drying"", ""Easy to sand""}"
0,true,false,false,,,,1,"{""length"": 0, ""width"": 0, ""height"": 0}",,,false,false,0,0,,0,2024-01-01,2024-01-01,2024-01-01,0,0,false,150,0,0,0,0,5,164,Polyfillers 1kg,polyfillers-1kg,Polyfiller for small repairs,1kg polyfiller,,,,,"{""repair"", ""filler""}",,Out of Stock,,Cement & Binders,Product,,published,,Polyfillers 1kg,Small repair polyfiller,"{""polyfiller"", ""repair"", ""small""}","{""Quick drying"", ""Easy to sand""}"
0,true,false,false,,,,0.5,"{""length"": 0, ""width"": 0, ""height"": 0}",,,false,false,0,0,,0,2024-01-01,2024-01-01,2024-01-01,0,0,false,100,0,0,0,0,5,165,Polyfillers 500grams,polyfillers-500grams,Polyfiller for minor repairs,500g polyfiller,,,,,"{""repair"", ""filler""}",,Out of Stock,,Cement & Binders,Product,,published,,Polyfillers 500grams,Minor repair polyfiller,"{""polyfiller"", ""repair"", ""minor""}","{""Quick drying"", ""Easy to sand""}"
0,true,false,false,,,,10,"{""length"": 0, ""width"": 0, ""height"": 0}",,,false,false,0,0,,0,2024-01-01,2024-01-01,2024-01-01,0,0,false,1000,0,0,0,0,3,148,Reinforcement bars Y-10,reinforcement-bars-y-10,Y-10 reinforcement steel bars,Reinforcement bars Y-10,,,,,"{""steel"", ""rebar"", ""construction""}",,Out of Stock,,Steel & Reinforcement,Product,,published,,Reinforcement bars Y-10,Construction reinforcement bars,"{""rebar"", ""steel"", ""construction""}","{""High tensile strength"", ""Corrosion resistant""}"
0,true,false,false,,,,12,"{""length"": 0, ""width"": 0, ""height"": 0}",,,false,false,0,0,,0,2024-01-01,2024-01-01,2024-01-01,0,0,false,1400,0,0,0,0,3,149,Reinforcement bars Y-12,reinforcement-bars-y-12,Y-12 reinforcement steel bars,Reinforcement bars Y-12,,,,,"{""steel"", ""rebar"", ""construction""}",,Out of Stock,,Steel & Reinforcement,Product,,published,,Reinforcement bars Y-12,Heavy duty reinforcement bars,"{""rebar"", ""steel"", ""construction""}","{""High tensile strength"", ""Corrosion resistant""}"
0,true,false,false,,,,6,"{""length"": 0, ""width"": 0, ""height"": 0}",,,false,false,0,0,,0,2024-01-01,2024-01-01,2024-01-01,0,0,false,300,0,0,0,0,5,175,Reinforcement bars R-6,reinforcement-bars-r-6,R-6 reinforcement steel bars,Reinforcement bars R-6,,,,,"{""steel"", ""rebar"", ""construction""}",,Out of Stock,,Steel & Reinforcement,Product,,published,,Reinforcement bars R-6,Light reinforcement bars,"{""rebar"", ""steel"", ""construction""}","{""Flexible"", ""Corrosion resistant""}"
0,true,false,false,,,,8,"{""length"": 0, ""width"": 0, ""height"": 0}",,,false,false,0,0,,0,2024-01-01,2024-01-01,2024-01-01,0,0,false,750,0,0,0,0,3,176,Reinforcement bars Y-8,reinforcement-bars-y-8,Y-8 reinforcement steel bars,Reinforcement bars Y-8,,,,,"{""steel"", ""rebar"", ""construction""}",,Out of Stock,,Steel & Reinforcement,Product,,published,,Reinforcement bars Y-8,Medium reinforcement bars,"{""rebar"", ""steel"", ""construction""}","{""High tensile strength"", ""Corrosion resistant""}"
0,true,false,false,,,,5,"{""length"": 4, ""width"": 0, ""height"": 0}",,,false,false,0,0,,0,2024-01-01,2024-01-01,2024-01-01,0,0,false,3000,0,0,0,0,2,18,Chain links 4 feet,chain-links-4-feet,4 feet chain links for fencing,Chain links 4 feet,,,,,"{""chain"", ""fencing"", ""security""}",,Out of Stock,,Steel & Reinforcement,Product,,published,,Chain links 4 feet,4 feet fencing chain links,"{""chain"", ""fencing"", ""security""}","{""Durable"", ""Rust resistant""}"
0,true,false,false,,,,6,"{""length"": 5, ""width"": 0, ""height"": 0}",,,false,false,0,0,,0,2024-01-01,2024-01-01,2024-01-01,0,0,false,3500,0,0,0,0,2,19,Chain links 5 feet,chain-links-5-feet,5 feet chain links for fencing,Chain links 5 feet,,,,,"{""chain"", ""fencing"", ""security""}",,Out of Stock,,Steel & Reinforcement,Product,,published,,Chain links 5 feet,5 feet fencing chain links,"{""chain"", ""fencing"", ""security""}","{""Durable"", ""Rust resistant""}"
0,true,false,false,,,,7,"{""length"": 6, ""width"": 0, ""height"": 0}",,,false,false,0,0,,0,2024-01-01,2024-01-01,2024-01-01,0,0,false,4000,0,0,0,0,2,20,Chain links 6 feet,chain-links-6-feet,6 feet chain links for fencing,Chain links 6 feet,,,,,"{""chain"", ""fencing"", ""security""}",,Out of Stock,,Steel & Reinforcement,Product,,published,,Chain links 6 feet,6 feet fencing chain links,"{""chain"", ""fencing"", ""security""}","{""Durable"", ""Rust resistant""}"
0,true,false,false,,,,2,"{""length"": 1, ""width"": 0, ""height"": 0}",,,false,false,0,0,,0,2024-01-01,2024-01-01,2024-01-01,0,0,false,200,0,0,0,0,5,80,Hoop iron (Metres),hoop-iron-metres,Hoop iron by the metre,Hoop iron per metre,,,,,"{""iron"", ""hoop"", ""binding""}",,Out of Stock,,Steel & Reinforcement,Product,,published,,Hoop iron (Metres),Hoop iron sold by metre,"{""hoop iron"", ""binding"", ""metal""}","{""Flexible"", ""Strong""}"
0,true,false,false,,,,20,"{""length"": 0, ""width"": 0, ""height"": 0}",,,false,false,0,0,,0,2024-01-01,2024-01-01,2024-01-01,0,0,false,2500,0,0,0,0,2,88,Hoop iron (Roll),hoop-iron-roll,Hoop iron in roll form,Hoop iron roll,,,,,"{""iron"", ""hoop"", ""binding""}",,Out of Stock,,Steel & Reinforcement,Product,,published,,Hoop iron (Roll),Complete hoop iron roll,"{""hoop iron"", ""binding"", ""metal""}","{""Flexible"", ""Strong""}"
0,true,false,false,,,,15,"{""length"": 0, ""width"": 0, ""height"": 0}",,,false,false,0,0,,0,2024-01-01,2024-01-01,2024-01-01,0,0,false,1100,0,0,0,0,2,98,Mesh wire H- gauge,mesh-wire-h-gauge,Heavy gauge mesh wire,Mesh wire H-gauge,,,,,"{""mesh"", ""wire"", ""fencing""}",,Out of Stock,,Steel & Reinforcement,Product,,published,,Mesh wire H- gauge,Heavy gauge mesh wire,"{""mesh"", ""wire"", ""fencing""}","{""Strong"", ""Durable""}"
0,true,false,false,,,,8,"{""length"": 0, ""width"": 0, ""height"": 0}",,,false,false,0,0,,0,2024-01-01,2024-01-01,2024-01-01,0,0,false,600,0,0,0,0,2,99,Mesh wire L - gauge,mesh-wire-l-gauge,Light gauge mesh wire,Mesh wire L-gauge,,,,,"{""mesh"", ""wire"", ""fencing""}",,Out of Stock,,Steel & Reinforcement,Product,,published,,Mesh wire L - gauge,Light gauge mesh wire,"{""mesh"", ""wire"", ""fencing""}","{""Lightweight"", ""Flexible""}"
0,true,false,false,,,,12,"{""length"": 0, ""width"": 0, ""height"": 0}",,,false,false,0,0,,0,2024-01-01,2024-01-01,2024-01-01,0,0,false,850,0,0,0,0,2,100,Mesh wire M-gauge,mesh-wire-m-gauge,Medium gauge mesh wire,Mesh wire M-gauge,,,,,"{""mesh"", ""wire"", ""fencing""}",,Out of Stock,,Steel & Reinforcement,Product,,published,,Mesh wire M-gauge,Medium gauge mesh wire,"{""mesh"", ""wire"", ""fencing""}","{""Balanced strength"", ""Versatile""}"
0,true,false,false,,,,25,"{""length"": 480, ""width"": 0, ""height"": 0}",,,false,false,0,0,,0,2024-01-01,2024-01-01,2024-01-01,0,0,false,4500,0,0,0,0,2,104,Mitra Barbed wire 480mtrs,mitra-barbed-wire-480mtrs,480 metres barbed wire,Barbed wire 480m,,,,,Mitra,"{""barbed wire"", ""fencing"", ""security""}",Out of Stock,,Steel & Reinforcement,Product,,published,,Mitra Barbed wire 480mtrs,480m barbed wire roll,"{""barbed wire"", ""fencing"", ""security""}","{""Security"", ""Deterrent""}"
0,true,false,false,,,,30,"{""length"": 610, ""width"": 0, ""height"": 0}",,,false,false,0,0,,0,2024-01-01,2024-01-01,2024-01-01,0,0,false,5500,0,0,0,0,2,111,Mitra Barbed wire 610mtrs,mitra-barbed-wire-610mtrs,610 metres barbed wire,Barbed wire 610m,,,,,Mitra,"{""barbed wire"", ""fencing"", ""security""}",Out of Stock,,Steel & Reinforcement,Product,,published,,Mitra Barbed wire 610mtrs,610m barbed wire roll,"{""barbed wire"", ""fencing"", ""security""}","{""Security"", ""Deterrent""}"
0,true,false,false,,,,5,"{""length"": 0, ""width"": 1.5, ""height"": 0}",,,false,false,0,0,,0,2024-01-01,2024-01-01,2024-01-01,0,0,false,650,0,0,0,0,3,65,Flats Bar 1.5",flats-bar-1-5,1.5 inch flat steel bar,Flats Bar 1.5",,,,,,"{""steel"", ""bar"", ""metal""}",,Out of Stock,,Steel & Reinforcement,Product,,published,,Flats Bar 1.5",1.5 inch flat steel bar,"{""steel bar"", ""flat bar"", ""metal""}","{""Strong"", ""Versatile""}"
0,true,false,false,,,,4,"{""length"": 0, ""width"": 1, ""height"": 0}",,,false,false,0,0,,0,2024-01-01,2024-01-01,2024-01-01,0,0,false,450,0,0,0,0,3,66,Flats Bar 1',flats-bar-1,1 inch flat steel bar,Flats Bar 1',,,,,,"{""steel"", ""bar"", ""metal""}",,Out of Stock,,Steel & Reinforcement,Product,,published,,Flats Bar 1',1 inch flat steel bar,"{""steel bar"", ""flat bar"", ""metal""}","{""Strong"", ""Versatile""}"
0,true,false,false,,,,3,"{""length"": 0, ""width"": 0.75, ""height"": 0}",,,false,false,0,0,,0,2024-01-01,2024-01-01,2024-01-01,0,0,false,300,0,0,0,0,3,67,Flats Bar 3/4",flats-bar-3-4,3/4 inch flat steel bar,Flats Bar 3/4",,,,,,"{""steel"", ""bar"", ""metal""}",,Out of Stock,,Steel & Reinforcement,Product,,published,,Flats Bar 3/4",3/4 inch flat steel bar,"{""steel bar"", ""flat bar"", ""metal""}","{""Strong"", ""Versatile""}"
0,true,false,false,,,,5,"{""length"": 0, ""width"": 0, ""height"": 0}",,,false,false,0,0,,0,2024-01-01,2024-01-01,2024-01-01,0,0,false,3500,0,0,0,0,3,9,Binding wire,binding-wire,Binding wire for construction,Binding wire,,,,,"{""wire"", ""binding"", ""construction""}",,Out of Stock,,Steel & Reinforcement,Product,,published,,Binding wire,Construction binding wire,"{""binding wire"", ""construction"", ""tying""}","{""Flexible"", ""Strong""}"
0,true,false,false,,,,3,"{""length"": 3, ""width"": 0, ""height"": 0}",,,false,false,0,0,,0,2024-01-01,2024-01-01,2024-01-01,0,0,false,1800,0,0,0,0,2,22,Chicken wire 3 feet,chicken-wire-3-feet,3 feet chicken wire,Chicken wire 3 feet,,,,,"{""chicken wire"", ""fencing"", ""poultry""}",,Out of Stock,,Steel & Reinforcement,Product,,published,,Chicken wire 3 feet,3 feet chicken wire,"{""chicken wire"", ""fencing"", ""poultry""}","{""Protective"", ""Durable""}"
0,true,false,false,,,,2,"{""length"": 3, ""width"": 0, ""height"": 0}",,,false,false,0,0,,0,2024-01-01,2024-01-01,2024-01-01,0,0,false,150,0,0,0,0,3,23,Chicken wire 3 feet (M),chicken-wire-3-feet-m,3 feet medium chicken wire,Chicken wire 3 feet (M),,,,,,"{""chicken wire"", ""fencing"", ""poultry""}",,Out of Stock,,Steel & Reinforcement,Product,,published,,Chicken wire 3 feet (M),Medium gauge chicken wire,"{""chicken wire"", ""fencing"", ""poultry""}","{""Protective"", ""Durable""}"
0,true,false,false,,,,1,"{""length"": 1, ""width"": 0, ""height"": 0}",,,false,false,0,0,,0,2024-01-01,2024-01-01,2024-01-01,0,0,false,150,0,0,0,0,5,75,Green gauze wire (Meters),green-gauze-wire-meters,Green gauze wire by metre,Green gauze wire per metre,,,,,"{""gauze"", ""wire"", ""mesh""}",,Out of Stock,,Steel & Reinforcement,Product,,published,,Green gauze wire (Meters),Green gauze wire sold by metre,"{""gauze wire"", ""mesh"", ""green""}","{""Flexible"", ""Decorative""}"
0,true,false,false,,,,20,"{""length"": 0, ""width"": 0, ""height"": 0}",,,false,false,0,0,,0,2024-01-01,2024-01-01,2024-01-01,0,0,false,2500,0,0,0,0,2,76,Green gauze wire Roll,green-gauze-wire-roll,Green gauze wire in roll,Green gauze wire roll,,,,,"{""gauze"", ""wire"", ""mesh""}",,Out of Stock,,Steel & Reinforcement,Product,,published,,Green gauze wire Roll,Complete gauze wire roll,"{""gauze wire"", ""mesh"", ""green""}","{""Flexible"", ""Decorative""}"
0,true,false,false,,,,3,"{""length"": 0, ""width"": 0, ""height"": 0}",,,false,false,0,0,,0,2024-01-01,2024-01-01,2024-01-01,0,0,false,350,0,0,0,0,1,28,Coffetry wire mesh,coffetry-wire-mesh,Coffetry wire mesh,Coffetry wire mesh,,,,,"{""wire mesh"", ""coffetry"", ""construction""}",,Out of Stock,,Steel & Reinforcement,Product,,published,,Coffetry wire mesh,Coffetry construction wire mesh,"{""wire mesh"", ""coffetry"", ""construction""}","{""Strong"", ""Supportive""}"
0,true,false,false,,,,8,"{""length"": 2, ""width"": 1, ""height"": 0}",,,false,false,0,0,,0,2024-01-01,2024-01-01,2024-01-01,0,0,false,800,0,0,0,0,3,96,Maisha iron sheets 2m,maisha-iron-sheets-2m,2m Maisha iron sheets,Maisha sheets 2m,,,,,Maisha,"{""iron sheets"", ""roofing"", ""maisha""}",Out of Stock,,Roofing Materials,Product,,published,,Maisha iron sheets 2m,2m Maisha roofing sheets,"{""maisha"", ""iron sheets"", ""roofing""}","{""Weather resistant"", ""Durable""}"
0,true,false,false,,,,10,"{""length"": 2.5, ""width"": 1, ""height"": 0}",,,false,false,0,0,,0,2024-01-01,2024-01-01,2024-01-01,0,0,false,1000,0,0,0,0,3,95,Maisha Iron sheet 2.5m,maisha-iron-sheet-2-5m,2.5m Maisha iron sheets,Maisha sheets 2.5m,,,,,Maisha,"{""iron sheets"", ""roofing"", ""maisha""}",Out of Stock,,Roofing Materials,Product,,published,,Maisha Iron sheet 2.5m,2.5m Maisha roofing sheets,"{""maisha"", ""iron sheets"", ""roofing""}","{""Weather resistant"", ""Durable""}"
0,true,false,false,,,,12,"{""length"": 3, ""width"": 1, ""height"": 0}",,,false,false,0,0,,0,2024-01-01,2024-01-01,2024-01-01,0,0,false,1200,0,0,0,0,3,105,Maisha iron sheets 3m,maisha-iron-sheets-3m,3m Maisha iron sheets,Maisha sheets 3m,,,,,Maisha,"{""iron sheets"", ""roofing"", ""maisha""}",Out of Stock,,Roofing Materials,Product,,published,,Maisha iron sheets 3m,3m Maisha roofing sheets,"{""maisha"", ""iron sheets"", ""roofing""}","{""Weather resistant"", ""Durable""}"
0,true,false,false,,,,3,"{""length"": 0, ""width"": 0, ""height"": 0}",,,false,false,0,0,,0,2024-01-01,2024-01-01,2024-01-01,0,0,false,280,0,0,0,0,5,107,Maisha Ridges,maisha-ridges,Maisha roof ridges,Maisha ridges,,,,,Maisha,"{""ridges"", ""roofing"", ""maisha""}",Out of Stock,,Roofing Materials,Product,,published,,Maisha Ridges,Maisha roofing ridges,"{""maisha"", ""ridges"", ""roofing""}","{""Weather resistant"", ""Durable""}"
0,true,false,false,,,,8,"{""length"": 2, ""width"": 1, ""height"": 0}",,,false,false,0,0,,0,2024-01-01,2024-01-01,2024-01-01,0,0,false,900,0,0,0,0,3,50,Dumu-Zas sheets 2m,dumu-zas-sheets-2m,2m Dumu-Zas iron sheets,Dumu-Zas sheets 2m,,,,,Dumu-Zas,"{""iron sheets"", ""roofing"", ""dumu-zas""}",Out of Stock,,Roofing Materials,Product,,published,,Dumu-Zas sheets 2m,2m Dumu-Zas roofing sheets,"{""dumu-zas"", ""iron sheets"", ""roofing""}","{""Weather resistant"", ""Durable""}"
0,true,false,false,,,,10,"{""length"": 2.5, ""width"": 1, ""height"": 0}",,,false,false,0,0,,0,2024-01-01,2024-01-01,2024-01-01,0,0,false,1150,0,0,0,0,3,51,Dumu-Zas sheets 2.5m,dumu-zas-sheets-2-5m,2.5m Dumu-Zas iron sheets,Dumu-Zas sheets 2.5m,,,,,Dumu-Zas,"{""iron sheets"", ""roofing"", ""dumu-zas""}",Out of Stock,,Roofing Materials,Product,,published,,Dumu-Zas sheets 2.5m,2.5m Dumu-Zas roofing sheets,"{""dumu-zas"", ""iron sheets"", ""roofing""}","{""Weather resistant"", ""Durable""}"
0,true,false,false,,,,12,"{""length"": 3, ""width"": 1, ""height"": 0}",,,false,false,0,0,,0,2024-01-01,2024-01-01,2024-01-01,0,0,false,1350,0,0,0,0,3,52,Dumu-Zas sheets 3m,dumu-zas-sheets-3m,3m Dumu-Zas iron sheets,Dumu-Zas sheets 3m,,,,,Dumu-Zas,"{""iron sheets"", ""roofing"", ""dumu-zas""}",Out of Stock,,Roofing Materials,Product,,published,,Dumu-Zas sheets 3m,3m Dumu-Zas roofing sheets,"{""dumu-zas"", ""iron sheets"", ""roofing""}","{""Weather resistant"", ""Durable""}"
0,true,false,false,,,,3,"{""length"": 0, ""width"": 0, ""height"": 0}",,,false,false,0,0,,0,2024-01-01,2024-01-01,2024-01-01,0,0,false,350,0,0,0,0,5,49,Dumu Zas Ridges,dumu-zas-ridges,Dumu-Zas roof ridges,Dumu-Zas ridges,,,,,Dumu-Zas,"{""ridges"", ""roofing"", ""dumu-zas""}",Out of Stock,,Roofing Materials,Product,,published,,Dumu Zas Ridges,Dumu-Zas roofing ridges,"{""dumu-zas"", ""ridges"", ""roofing""}","{""Weather resistant"", ""Durable""}"
0,true,false,false,,,,1,"{""length"": 0, ""width"": 0, ""height"": 0}",,,false,false,0,0,,0,2024-01-01,2024-01-01,2024-01-01,0,0,false,280,0,0,0,0,10,177,Roofing nails,roofing-nails,Roofing nails for iron sheets,Roofing nails,,,,,"{""nails"", ""roofing"", ""fasteners""}",,Out of Stock,,Roofing Materials,Product,,published,,Roofing nails,Roofing installation nails,"{""roofing nails"", ""fasteners"", ""construction""}","{""Galvanized"", ""Rust resistant""}"
0,true,false,false,,,,0.1,"{""length"": 0, ""width"": 0, ""height"": 0}",,,false,false,0,0,,0,2024-01-01,2024-01-01,2024-01-01,0,0,false,100,0,0,0,0,10,154,Roofing washers polythene,roofing-washers-polythene,Polythene roofing washers,Roofing washers,,,,,"{""washers"", ""roofing"", ""polythene""}",,Out of Stock,,Roofing Materials,Product,,published,,Roofing washers polythene,Polythene roofing washers,"{""roofing washers"", ""polythene"", ""sealing""}","{""Waterproof"", ""Durable""}"
0,true,false,false,,,,2,"{""length"": 0, ""width"": 0, ""height"": 0}",,,false,false,0,0,,0,2024-01-01,2024-01-01,2024-01-01,0,0,false,100,0,0,0,0,10,186,Ventilations premium,ventilations-premium,Premium roof ventilations,Roof ventilations,,,,,"{""ventilation"", ""roofing"", ""airflow""}",,Out of Stock,,Roofing Materials,Product,,published,,Ventilations premium,Premium roof ventilation,"{""ventilation"", ""roofing"", ""airflow""}","{""Improves airflow"", ""Weather resistant""}"
0,true,false,false,,,,25,"{""length"": 1.5, ""width"": 0, ""height"": 0}",,,false,false,0,0,,0,2024-01-01,2024-01-01,2024-01-01,0,0,false,300,0,0,0,0,10,16,Ceiling nails (25kg) (1 1/2"),ceiling-nails-25kg-1-1-2,1.5 inch ceiling nails,25kg ceiling nails,,,,,"{""nails"", ""ceiling"", ""fasteners""}",,Out of Stock,,Roofing Materials,Product,,published,,Ceiling nails (25kg) (1 1/2"),1.5 inch ceiling nails,"{""ceiling nails"", ""fasteners"", ""construction""}","{""Galvanized"", ""Strong""}"
0,true,false,false,,,,25,"{""length"": 0, ""width"": 0, ""height"": 0}",,,false,false,0,0,,0,2024-01-01,2024-01-01,2024-01-01,0,0,false,300,0,0,0,0,5,185,U-nails (25kg),u-nails-25kg,25kg U-nails for roofing,U-nails 25kg,,,,,"{""u-nails"", ""roofing"", ""fasteners""}",,Out of Stock,,Roofing Materials,Product,,published,,U-nails (25kg),25kg U-nails for roofing,"{""u-nails"", ""roofing"", ""fasteners""}","{""Galvanized"", ""Rust resistant""}"
0,true,false,false,,,,1,"{""length"": 0, ""width"": 0, ""height"": 0}",,,false,false,0,0,,0,2024-01-01,2024-01-01,2024-01-01,0,0,false,350,0,0,0,0,5,10,Black oxide,black-oxide,Black oxide paint,Black oxide,,,,,"{""paint"", ""oxide"", ""black""}",,Out of Stock,,Finishes & Paints,Product,,published,,Black oxide,Black oxide paint,"{""black oxide"", ""paint"", ""finish""}","{""Rust resistant"", ""Durable finish""}"
0,true,false,false,,,,1,"{""length"": 0, ""width"": 0, ""height"": 0}",,,false,false,0,0,,0,2024-01-01,2024-01-01,2024-01-01,0,0,false,350,0,0,0,0,5,71,Grey oxide,grey-oxide,Grey oxide paint,Grey oxide,,,,,"{""paint"", ""oxide"", ""grey""}",,Out of Stock,,Finishes & Paints,Product,,published,,Grey oxide,Grey oxide paint,"{""grey oxide"", ""paint"", ""finish""}","{""Rust resistant"", ""Durable finish""}"
0,true,false,false,,,,1,"{""length"": 0, ""width"": 0, ""height"": 0}",,,false,false,0,0,,0,2024-01-01,2024-01-01,2024-01-01,0,0,false,350,0,0,0,0,5,79,Green oxide,green-oxide,Green oxide paint,Green oxide,,,,,"{""paint"", ""oxide"", ""green""}",,Out of Stock,,Finishes & Paints,Product,,published,,Green oxide,Green oxide paint,"{""green oxide"", ""paint"", ""finish""}","{""Rust resistant"", ""Durable finish""}"
0,true,false,false,,,,1,"{""length"": 0, ""width"": 0, ""height"": 0}",,,false,false,0,0,,0,2024-01-01,2024-01-01,2024-01-01,0,0,false,350,0,0,0,0,5,146,Red-oxide,red-oxide,Red oxide paint,Red oxide,,,,,"{""paint"", ""oxide"", ""red""}",,Out of Stock,,Finishes & Paints,Product,,published,,Red-oxide,Red oxide paint,"{""red oxide"", ""paint"", ""finish""}","{""Rust resistant"", ""Durable finish""}"
0,true,false,false,,,,1,"{""length"": 0, ""width"": 0, ""height"": 0}",,,false,false,0,0,,0,2024-01-01,2024-01-01,2024-01-01,0,0,false,950,0,0,0,0,3,200,Wood preservative,wood-preservative,Wood preservative treatment,Wood preservative,,,,,"{""wood"", ""preservative"", ""treatment""}",,Out of Stock,,Finishes & Paints,Product,,published,,Wood preservative,Wood protection preservative,"{""wood preservative"", ""treatment"", ""protection""}","{""Water resistant"", ""Insect repellent""}"
0,true,false,false,,,,0.2,"{""length"": 0, ""width"": 0, ""height"": 0}",,,false,false,0,0,,0,2024-01-01,2024-01-01,2024-01-01,0,0,false,0,0,0,0,0,3,125,Paint brushes (S10) 1",paint-brushes-s10-1,1 inch S10 paint brush,Paint brush 1",,,,,,S10,"{""paint brush"", ""brushes"", ""painting""}",Out of Stock,,Finishes & Paints,Product,,published,,Paint brushes (S10) 1",1 inch paint brush,"{""paint brush"", ""s10"", ""painting""}","{""Soft bristles"", ""Comfortable grip""}"
0,true,false,false,,,,0.3,"{""length"": 0, ""width"": 0, ""height"": 0}",,,false,false,0,0,,0,2024-01-01,2024-01-01,2024-01-01,0,0,false,0,0,0,0,0,3,126,Paint brushes (S10) 2",paint-brushes-s10-2,2 inch S10 paint brush,Paint brush 2",,,,,,S10,"{""paint brush"", ""brushes"", ""painting""}",Out of Stock,,Finishes & Paints,Product,,published,,Paint brushes (S10) 2",2 inch paint brush,"{""paint brush"", ""s10"", ""painting""}","{""Soft bristles"", ""Comfortable grip""}"
0,true,false,false,,,,0.4,"{""length"": 0, ""width"": 0, ""height"": 0}",,,false,false,0,0,,0,2024-01-01,2024-01-01,2024-01-01,0,0,false,0,0,0,0,0,3,128,Paint brushes (S10) 3",paint-brushes-s10-3,3 inch S10 paint brush,Paint brush 3",,,,,,S10,"{""paint brush"", ""brushes"", ""painting""}",Out of Stock,,Finishes & Paints,Product,,published,,Paint brushes (S10) 3",3 inch paint brush,"{""paint brush"", ""s10"", ""painting""}","{""Soft bristles"", ""Comfortable grip""}"
0,true,false,false,,,,0.5,"{""length"": 0, ""width"": 0, ""height"": 0}",,,false,false,0,0,,0,2024-01-01,2024-01-01,2024-01-01,0,0,false,0,0,0,0,0,3,131,Paint brushes (S10) 4",paint-brushes-s10-4,4 inch S10 paint brush,Paint brush 4",,,,,,S10,"{""paint brush"", ""brushes"", ""painting""}",Out of Stock,,Finishes & Paints,Product,,published,,Paint brushes (S10) 4",4 inch paint brush,"{""paint brush"", ""s10"", ""painting""}","{""Soft bristles"", ""Comfortable grip""}"
0,true,false,false,,,,0.6,"{""length"": 0, ""width"": 0, ""height"": 0}",,,false,false,0,0,,0,2024-01-01,2024-01-01,2024-01-01,0,0,false,0,0,0,0,0,3,132,Paint brushes (S10) 5",paint-brushes-s10-5,5 inch S10 paint brush,Paint brush 5",,,,,,S10,"{""paint brush"", ""brushes"", ""painting""}",Out of Stock,,Finishes & Paints,Product,,published,,Paint brushes (S10) 5",5 inch paint brush,"{""paint brush"", ""s10"", ""painting""}","{""Soft bristles"", ""Comfortable grip""}"
0,true,false,false,,,,0.7,"{""length"": 0, ""width"": 0, ""height"": 0}",,,false,false,0,0,,0,2024-01-01,2024-01-01,2024-01-01,0,0,false,0,0,0,0,0,3,133,Paint brushes (S10) 6",paint-brushes-s10-6,6 inch S10 paint brush,Paint brush 6",,,,,,S10,"{""paint brush"", ""brushes"", ""painting""}",Out of Stock,,Finishes & Paints,Product,,published,,Paint brushes (S10) 6",6 inch paint brush,"{""paint brush"", ""s10"", ""painting""}","{""Soft bristles"", ""Comfortable grip""}"
0,true,false,false,,,,0.5,"{""length"": 0, ""width"": 0, ""height"": 0}",,,false,false,0,0,,0,2024-01-01,2024-01-01,2024-01-01,0,0,false,250,0,0,0,0,3,152,Roller brushes,roller-brushes,Paint roller brushes,Roller brushes,,,,,"{""roller"", ""brushes"", ""painting""}",,Out of Stock,,Finishes & Paints,Product,,published,,Roller brushes,Paint roller brushes,"{""roller brushes"", ""painting"", ""tools""}","{""Smooth finish"", ""Efficient coverage""}"
0,true,false,false,,,,0.1,"{""length"": 0, ""width"": 0, ""height"": 0}",,,false,false,0,0,,0,2024-01-01,2024-01-01,2024-01-01,0,0,false,150,0,0,0,0,2,157,Sand paper P120,sand-paper-p120,P120 grit sand paper,Sand paper P120,,,,,"{""sand paper"", ""p120"", ""sanding""}",,Out of Stock,,Finishes & Paints,Product,,published,,Sand paper P120,P120 grit sandpaper,"{""sandpaper"", ""p120"", ""sanding""}","{""Fine grit"", ""Smooth finish""}"
0,true,false,false,,,,0.1,"{""length"": 0, ""width"": 0, ""height"": 0}",,,false,false,0,0,,0,2024-01-01,2024-01-01,2024-01-01,0,0,false,150,0,0,0,0,2,158,Sand paper P80,sand-paper-p80,P80 grit sand paper,Sand paper P80,,,,,"{""sand paper"", ""p80"", ""sanding""}",,Out of Stock,,Finishes & Paints,Product,,published,,Sand paper P80,P80 grit sandpaper,"{""sandpaper"", ""p80"", ""sanding""}","{""Medium grit"", ""Versatile""}"
0,true,false,false,,,,0.1,"{""length"": 0, ""width"": 0, ""height"": 0}",,,false,false,0,0,,0,2024-01-01,2024-01-01,2024-01-01,0,0,false,150,0,0,0,0,2,181,Sand paper P100,sand-paper-p100,P100 grit sand paper,Sand paper P100,,,,,"{""sand paper"", ""p100"", ""sanding""}",,Out of Stock,,Finishes & Paints,Product,,published,,Sand paper P100,P100 grit sandpaper,"{""sandpaper"", ""p100"", ""sanding""}","{""Medium-fine grit"", ""Smooth finish""}"
0,true,false,false,,,,0.25,"{""length"": 0, ""width"": 0, ""height"": 0}",,,false,false,0,0,,0,2024-01-01,2024-01-01,2024-01-01,0,0,false,450,0,0,0,0,3,27,Conta 250ml,conta-250ml,250ml Conta sealant,Conta 250ml,,,,,Conta,"{""conta"", ""sealant"", ""plumbing""}",Out of Stock,,Plumbing & Water,Product,,published,,Conta 250ml,250ml Conta plumbing sealant,"{""conta"", ""sealant"", ""plumbing""}","{""Waterproof"", ""Flexible""}"
0,true,false,false,,,,0.5,"{""length"": 0, ""width"": 0, ""height"": 0}",,,false,false,0,0,,0,2024-01-01,2024-01-01,2024-01-01,0,0,false,650,0,0,0,0,3,31,Conta 500ml,conta-500ml,500ml Conta sealant,Conta 500ml,,,,,Conta,"{""conta"", ""sealant"", ""plumbing""}",Out of Stock,,Plumbing & Water,Product,,published,,Conta 500ml,500ml Conta plumbing sealant,"{""conta"", ""sealant"", ""plumbing""}","{""Waterproof"", ""Flexible""}"
0,true,false,false,,,,1,"{""length"": 0, ""width"": 0, ""height"": 0}",,,false,false,0,0,,0,2024-01-01,2024-01-01,2024-01-01,0,0,false,1200,0,0,0,0,3,29,Conta 1ltr,conta-1ltr,1 liter Conta sealant,Conta 1 liter,,,,,Conta,"{""conta"", ""sealant"", ""plumbing""}",Out of Stock,,Plumbing & Water,Product,,published,,Conta 1ltr,1 liter Conta plumbing sealant,"{""conta"", ""sealant"", ""plumbing""}","{""Waterproof"", ""Flexible""}"
0,true,false,false,,,,0.25,"{""length"": 0, ""width"": 0, ""height"": 0}",,,false,false,0,0,,0,2024-01-01,2024-01-01,2024-01-01,0,0,false,450,0,0,0,0,3,171,Tangit 250ml,tangit-250ml,250ml Tangit sealant,Tangit 250ml,,,,,Tangit,"{""tangit"", ""sealant"", ""plumbing""}",Out of Stock,,Plumbing & Water,Product,,published,,Tangit 250ml,250ml Tangit plumbing sealant,"{""tangit"", ""sealant"", ""plumbing""}","{""Waterproof"", ""Flexible""}"
0,true,false,false,,,,0.5,"{""length"": 0, ""width"": 0, ""height"": 0}",,,false,false,0,0,,0,2024-01-01,2024-01-01,2024-01-01,0,0,false,1000,0,0,0,0,3,172,Tangit 500ml,tangit-500ml,500ml Tangit sealant,Tangit 500ml,,,,,Tangit,"{""tangit"", ""sealant"", ""plumbing""}",Out of Stock,,Plumbing & Water,Product,,published,,Tangit 500ml,500ml Tangit plumbing sealant,"{""tangit"", ""sealant"", ""plumbing""}","{""Waterproof"", ""Flexible""}"
0,true,false,false,,,,0.05,"{""length"": 0, ""width"": 0, ""height"": 0}",,,false,false,0,0,,0,2024-01-01,2024-01-01,2024-01-01,0,0,false,220,0,0,0,0,3,173,Tangit 50ml - Tube,tangit-50ml-tube,50ml Tangit tube sealant,Tangit 50ml tube,,,,,Tangit,"{""tangit"", ""sealant"", ""plumbing""}",Out of Stock,,Plumbing & Water,Product,,published,,Tangit 50ml - Tube,50ml Tangit tube sealant,"{""tangit"", ""sealant"", ""plumbing""}","{""Waterproof"", ""Flexible""}"
0,true,false,false,,,,2,"{""length"": 0, ""width"": 0.75, ""height"": 0}",,,false,false,0,0,,0,2024-01-01,2024-01-01,2024-01-01,0,0,false,750,0,0,0,0,3,25,Chrome pipes 3/4",chrome-pipes-3-4,3/4 inch chrome pipes,Chrome pipes 3/4",,,,,,"{""chrome pipes"", ""plumbing"", ""pipes""}",,Out of Stock,,Plumbing & Water,Product,,published,,Chrome pipes 3/4",3/4 inch chrome plumbing pipes,"{""chrome pipes"", ""plumbing"", ""pipes""}","{""Corrosion resistant"", ""Durable""}"
0,true,false,false,,,,0.5,"{""length"": 0, ""width"": 0, ""height"": 0}",,,false,false,0,0,,0,2024-01-01,2024-01-01,2024-01-01,0,0,false,250,0,0,0,0,3,145,Plastic/ Corona taps,plastic-corona-taps,Plastic corona taps,Plastic taps,,,,,Corona,"{""taps"", ""plastic"", ""plumbing""}",Out of Stock,,Plumbing & Water,Product,,published,,Plastic/ Corona taps,Plastic corona water taps,"{""plastic taps"", ""corona"", ""plumbing""}","{""Lightweight"", ""Corrosion free""}"
0,true,false,false,,,,0.2,"{""length"": 1, ""width"": 0, ""height"": 0}",,,false,false,0,0,,0,2024-01-01,2024-01-01,2024-01-01,0,0,false,150,0,0,0,0,10,41,DPM Polythene Meters,dpm-polythene-meters,DPM polythene by metre,DPM polythene per metre,,,,,"{""dpm"", ""polythene"", ""waterproofing""}",,Out of Stock,,Plumbing & Water,Product,,published,,DPM Polythene Meters,DPM polythene sold by metre,"{""dpm"", ""polythene"", ""waterproofing""}","{""Waterproof"", ""Durable""}"
0,true,false,false,,,,15,"{""length"": 0, ""width"": 0, ""height"": 0}",,,false,false,0,0,,0,2024-01-01,2024-01-01,2024-01-01,0,0,false,2500,0,0,0,0,2,44,DPM Polythene Roll,dpm-polythene-roll,DPM polythene roll,DPM polythene roll,,,,,"{""dpm"", ""polythene"", ""waterproofing""}",,Out of Stock,,Plumbing & Water,Product,,published,,DPM Polythene Roll,Complete DPM polythene roll,"{""dpm"", ""polythene"", ""waterproofing""}","{""Waterproof"", ""Durable""}"
0,true,false,false,,,,0.3,"{""length"": 4, ""width"": 0, ""height"": 0}",,,false,false,0,0,,0,2024-01-01,2024-01-01,2024-01-01,0,0,false,80,0,0,0,0,5,35,Door hinges 4" Light,door-hinges-4-light,4 inch light door hinges,Door hinges 4" Light,,,,,"{""door hinges"", ""hinges"", ""furniture""}",,Out of Stock,,Furniture,Product,,published,,Door hinges 4" Light,4 inch light door hinges,"{""door hinges"", ""light"", ""furniture""}","{""Smooth operation"", ""Durable""}"
0,true,false,false,,,,0.4,"{""length"": 4, ""width"": 0, ""height"": 0}",,,false,false,0,0,,0,2024-01-01,2024-01-01,2024-01-01,0,0,false,100,0,0,0,0,5,36,Door hinges 4" Standard,door-hinges-4-standard,4 inch standard door hinges,Door hinges 4" Standard,,,,,"{""door hinges"", ""hinges"", ""furniture""}",,Out of Stock,,Furniture,Product,,published,,Door hinges 4" Standard,4 inch standard door hinges,"{""door hinges"", ""standard"", ""furniture""}","{""Smooth operation"", ""Durable""}"
0,true,false,false,,,,0.3,"{""length"": 3, ""width"": 0, ""height"": 0}",,,false,false,0,0,,0,2024-01-01,2024-01-01,2024-01-01,0,0,false,100,0,0,0,0,3,37,Door hinges jua kali 3'' (Pair),door-hinges-jua-kali-3-pair,3 inch jua kali door hinges,Door hinges 3" Jua Kali,,,,,Jua Kali,"{""door hinges"", ""jua kali"", ""furniture""}",Out of Stock,,Furniture,Product,,published,,Door hinges jua kali 3'' (Pair),3 inch jua kali door hinges,"{""door hinges"", ""jua kali"", ""furniture""}","{""Affordable"", ""Functional""}"
0,true,false,false,,,,0.4,"{""length"": 4, ""width"": 0, ""height"": 0}",,,false,false,0,0,,0,2024-01-01,2024-01-01,2024-01-01,0,0,false,150,0,0,0,0,3,38,Door hinges jua kali 4'' (Pair),door-hinges-jua-kali-4-pair,4 inch jua kali door hinges,Door hinges 4" Jua Kali,,,,,Jua Kali,"{""door hinges"", ""jua kali"", ""furniture""}",Out of Stock,,Furniture,Product,,published,,Door hinges jua kali 4'' (Pair),4 inch jua kali door hinges,"{""door hinges"", ""jua kali"", ""furniture""}","{""Affordable"", ""Functional""}"
0,true,false,false,,,,0.4,"{""length"": 0, ""width"": 0, ""height"": 0}",,,false,false,0,0,,0,2024-01-01,2024-01-01,2024-01-01,0,0,false,280,0,0,0,0,3,116,Oxford Door hinges,oxford-door-hinges,Oxford brand door hinges,Oxford door hinges,,,,,Oxford,"{""door hinges"", ""oxford"", ""furniture""}",Out of Stock,,Furniture,Product,,published,,Oxford Door hinges,Oxford brand door hinges,"{""door hinges"", ""oxford"", ""furniture""}","{""Premium quality"", ""Smooth operation""}"
0,true,false,false,,,,0.3,"{""length"": 0, ""width"": 0, ""height"": 0}",,,false,false,0,0,,0,2024-01-01,2024-01-01,2024-01-01,0,0,false,200,0,0,0,0,5,92,Malpa hinges,malpa-hinges,Malpa brand hinges,Malpa hinges,,,,,Malpa,"{""hinges"", ""malpa"", ""furniture""}",Out of Stock,,Furniture,Product,,published,,Malpa hinges,Malpa brand hinges,"{""hinges"", ""malpa"", ""furniture""}","{""Durable"", ""Reliable""}"
0,true,false,false,,,,0.2,"{""length"": 0, ""width"": 0, ""height"": 0}",,,false,false,0,0,,0,2024-01-01,2024-01-01,2024-01-01,0,0,false,100,0,0,0,0,5,108,Malpa hinges singles,malpa-hinges-singles,Malpa single hinges,Malpa single hinges,,,,,Malpa,"{""hinges"", ""malpa"", ""furniture""}",Out of Stock,,Furniture,Product,,published,,Malpa hinges singles,Malpa single hinges,"{""hinges"", ""malpa"", ""furniture""}","{""Durable"", ""Reliable""}"
0,true,false,false,,,,0.1,"{""length"": 2, ""width"": 0, ""height"": 0}",,,false,false,0,0,,0,2024-01-01,2024-01-01,2024-01-01,0,0,false,40,0,0,0,0,5,192,Window hinges 2",window-hinges-2,2 inch window hinges,Window hinges 2",,,,,,"{""window hinges"", ""hinges"", ""furniture""}",,Out of Stock,,Furniture,Product,,published,,Window hinges 2",2 inch window hinges,"{""window hinges"", ""hinges"", ""furniture""}","{""Smooth operation"", ""Durable""}"
0,true,false,false,,,,0.15,"{""length"": 2.5, ""width"": 0, ""height"": 0}",,,false,false,0,0,,0,2024-01-01,2024-01-01,2024-01-01,0,0,false,50,0,0,0,0,5,193,Window hinges 2.5",window-hinges-2-5,2.5 inch window hinges,Window hinges 2.5",,,,,,"{""window hinges"", ""hinges"", ""furniture""}",,Out of Stock,,Furniture,Product,,published,,Window hinges 2.5",2.5 inch window hinges,"{""window hinges"", ""hinges"", ""furniture""}","{""Smooth operation"", ""Durable""}"
0,true,false,false,,,,0.2,"{""length"": 3, ""width"": 0, ""height"": 0}",,,false,false,0,0,,0,2024-01-01,2024-01-01,2024-01-01,0,0,false,60,0,0,0,0,5,194,Window hinges 3",window-hinges-3,3 inch window hinges,Window hinges 3",,,,,,"{""window hinges"", ""hinges"", ""furniture""}",,Out of Stock,,Furniture,Product,,published,,Window hinges 3",3 inch window hinges,"{""window hinges"", ""hinges"", ""furniture""}","{""Smooth operation"", ""Durable""}"
0,true,false,false,,,,0.1,"{""length"": 0, ""width"": 0, ""height"": 0}",,,false,false,0,0,,0,2024-01-01,2024-01-01,2024-01-01,0,0,false,40,0,0,0,0,5,72,Glass Window hinges,glass-window-hinges,Glass window hinges,Glass window hinges,,,,,"{""window hinges"", ""glass"", ""furniture""}",,Out of Stock,,Furniture,Product,,published,,Glass Window hinges,Glass window hinges,"{""window hinges"", ""glass"", ""furniture""}","{""Smooth operation"", ""Transparent""}"
0,true,false,false,,,,0.5,"{""length"": 0, ""width"": 0, ""height"": 0}",,,false,false,0,0,,0,2024-01-01,2024-01-01,2024-01-01,0,0,false,250,0,0,0,0,2,123,Piano hinges,piano-hinges,Piano hinges for furniture,Piano hinges,,,,,"{""piano hinges"", ""hinges"", ""furniture""}",,Out of Stock,,Furniture,Product,,published,,Piano hinges,Piano hinges for furniture,"{""piano hinges"", ""hinges"", ""furniture""}","{""Continuous"", ""Smooth operation""}"
0,true,false,false,,,,0.2,"{""length"": 0, ""width"": 0, ""height"": 0}",,,false,false,0,0,,0,2024-01-01,2024-01-01,2024-01-01,0,0,false,150,0,0,0,0,5,42,Drawer handles - Silver,drawer-handles-silver,Silver drawer handles,Drawer handles silver,,,,,"{""drawer handles"", ""handles"", ""furniture""}",,Out of Stock,,Furniture,Product,,published,,Drawer handles - Silver,Silver drawer handles,"{""drawer handles"", ""silver"", ""furniture""}","{""Elegant"", ""Durable""}"
0,true,false,false,,,,0.2,"{""length"": 0, ""width"": 0, ""height"": 0}",,,false,false,0,0,,0,2024-01-01,2024-01-01,2024-01-01,0,0,false,150,0,0,0,0,5,187,Drawer Handles gold,drawer-handles-gold,Gold drawer handles,Drawer handles gold,,,,,"{""drawer handles"", ""handles"", ""furniture""}",,Out of Stock,,Furniture,Product,,published,,Drawer Handles gold,Gold drawer handles,"{""drawer handles"", ""gold"", ""furniture""}","{""Elegant"", ""Durable""}"
0,true,false,false,,,,0.1,"{""length"": 0, ""width"": 0, ""height"": 0}",,,false,false,0,0,,0,2024-01-01,2024-01-01,2024-01-01,0,0,false,100,0,0,0,0,5,43,Drawer Knobs,drawer-knobs,Drawer knobs,Drawer knobs,,,,,"{""drawer knobs"", ""knobs"", ""furniture""}",,Out of Stock,,Furniture,Product,,published,,Drawer Knobs,Drawer knobs,"{""drawer knobs"", ""knobs"", ""furniture""}","{""Easy to grip"", ""Decorative""}"
0,true,false,false,,,,0.4,"{""length"": 12, ""width"": 0, ""height"": 0}",,,false,false,0,0,,0,2024-01-01,2024-01-01,2024-01-01,0,0,false,300,0,0,0,0,2,45,Drawer Rail/slide 12'',drawer-rail-slide-12,12 inch drawer slides,Drawer slides 12",,,,,,"{""drawer slides"", ""rails"", ""furniture""}",,Out of Stock,,Furniture,Product,,published,,Drawer Rail/slide 12'',12 inch drawer slides,"{""drawer slides"", ""rails"", ""furniture""}","{""Smooth operation"", ""Durable""}"
0,true,false,false,,,,0.5,"{""length"": 14, ""width"": 0, ""height"": 0}",,,false,false,0,0,,0,2024-01-01,2024-01-01,2024-01-01,0,0,false,450,0,0,0,0,2,48,Drawer Rail/slide 14'',drawer-rail-slide-14,14 inch drawer slides,Drawer slides 14",,,,,,"{""drawer slides"", ""rails"", ""furniture""}",,Out of Stock,,Furniture,Product,,published,,Drawer Rail/slide 14'',14 inch drawer slides,"{""drawer slides"", ""rails"", ""furniture""}","{""Smooth operation"", ""Durable""}"
0,true,false,false,,,,0.6,"{""length"": 16, ""width"": 0, ""height"": 0}",,,false,false,0,0,,0,2024-01-01,2024-01-01,2024-01-01,0,0,false,650,0,0,0,0,2,46,Drawer Rail/slide 16'',drawer-rail-slide-16,16 inch drawer slides,Drawer slides 16",,,,,,"{""drawer slides"", ""rails"", ""furniture""}",,Out of Stock,,Furniture,Product,,published,,Drawer Rail/slide 16'',16 inch drawer slides,"{""drawer slides"", ""rails"", ""furniture""}","{""Smooth operation"", ""Durable""}"
0,true,false,false,,,,0.7,"{""length"": 18, ""width"": 0, ""height"": 0}",,,false,false,0,0,,0,2024-01-01,2024-01-01,2024-01-01,0,0,false,750,0,0,0,0,2,47,Drawer Rail/slide 18'',drawer-rail-slide-18,18 inch drawer slides,Drawer slides 18",,,,,,"{""drawer slides"", ""rails"", ""furniture""}",,Out of Stock,,Furniture,Product,,published,,Drawer Rail/slide 18'',18 inch drawer slides,"{""drawer slides"", ""rails"", ""furniture""}","{""Smooth operation"", ""Durable""}"