id,sku,name,slug,category,category_id,description,short_description,price,cost_price,compare_at_price,profit_margin,stock_quantity,low_stock_threshold,stock,is_in_stock,status,product_type,visibility,published_at,created_at,updated_at,track_inventory,allow_backorders,is_featured,is_bestseller,weight,dimensions,brand,tags,meta_title,meta_description,meta_keywords,features,image_url,featured_image_url,gallery,gallery_images,average_rating,review_count,sales_count,total_sold,total_revenue,is_digital,digital_file_url,digital_file_type,digital_file_size,download_limit,download_expiry_days,file_path,video_url
,Cement,Cement,cement,Cement & Binders,,Cement for construction,50kg cement bag,870,0,0,0,0,20,0,false,Out of Stock,Product,published,2024-01-01,2024-01-01,2024-01-01,true,false,false,false,50,"{""length"": 0, ""width"": 0, ""height"": 0}",,"{""construction"", ""building""}",Cement,High quality construction cement,"{""cement"", ""construction"", ""building""}","{""Durable"", ""Water resistant""}",,,,,0,0,0,0,0,false,,,,,,,,,
,Putty 25kg,Putty 25kg,putty-25kg,Cement & Binders,,Wall putty for finishing,25kg wall putty,4500,0,0,0,0,1,0,false,Out of Stock,Product,published,2024-01-01,2024-01-01,2024-01-01,true,false,false,false,25,"{""length"": 0, ""width"": 0, ""height"": 0}",,"{""finishing"", ""walls""}",Putty 25kg,Wall finishing putty,"{""putty"", ""wall"", ""finishing""}","{""Smooth finish"", ""Easy application""}",,,,,0,0,0,0,0,false,,,,,,,,,
,Tile grout,Tile grout,tile-grout,Cement & Binders,,Tile grout for tile installation,Tile grout,150,0,0,0,0,5,0,false,Out of Stock,Product,published,2024-01-01,2024-01-01,2024-01-01,true,false,false,false,1,"{""length"": 0, ""width"": 0, ""height"": 0}",,"{""tiles"", ""grout""}",Tile grout,Tile installation grout,"{""tile"", ""grout"", ""installation""}","{""Water resistant"", ""Durable""}",,,,,0,0,0,0,0,false,,,,,,,,,
,Water proof cement 1kg,Water proof cement 1kg,water-proof-cement-1kg,Cement & Binders,,Waterproof cement for sealing,1kg waterproof cement,100,0,0,0,0,10,0,false,Out of Stock,Product,published,2024-01-01,2024-01-01,2024-01-01,true,false,false,false,1,"{""length"": 0, ""width"": 0, ""height"": 0}",,"{""waterproof"", ""sealing""}",Water proof cement 1kg,Waterproof sealing cement,"{""waterproof"", ""cement"", ""sealing""}","{""Waterproof"", ""Sealing""}",,,,,0,0,0,0,0,false,,,,,,,,,
,Polyfillers 2.5kg,Polyfillers 2.5kg,polyfillers-2-5kg,Cement & Binders,,Polyfiller for wall repairs,2.5kg polyfiller,350,0,0,0,0,3,0,false,Out of Stock,Product,published,2024-01-01,2024-01-01,2024-01-01,true,false,false,false,2.5,"{""length"": 0, ""width"": 0, ""height"": 0}",,"{""repair"", ""filler""}",Polyfillers 2.5kg,Wall repair polyfiller,"{""polyfiller"", ""repair"", ""wall""}","{""Quick drying"", ""Easy to sand""}",,,,,0,0,0,0,0,false,,,,,,,,,
,Polyfillers 1kg,Polyfillers 1kg,polyfillers-1kg,Cement & Binders,,Polyfiller for small repairs,1kg polyfiller,150,0,0,0,0,5,0,false,Out of Stock,Product,published,2024-01-01,2024-01-01,2024-01-01,true,false,false,false,1,"{""length"": 0, ""width"": 0, ""height"": 0}",,"{""repair"", ""filler""}",Polyfillers 1kg,Small repair polyfiller,"{""polyfiller"", ""repair"", ""small""}","{""Quick drying"", ""Easy to sand""}",,,,,0,0,0,0,0,false,,,,,,,,,
,Polyfillers 500grams,Polyfillers 500grams,polyfillers-500grams,Cement & Binders,,Polyfiller for minor repairs,500g polyfiller,100,0,0,0,0,5,0,false,Out of Stock,Product,published,2024-01-01,2024-01-01,2024-01-01,true,false,false,false,0.5,"{""length"": 0, ""width"": 0, ""height"": 0}",,"{""repair"", ""filler""}",Polyfillers 500grams,Minor repair polyfiller,"{""polyfiller"", ""repair"", ""minor""}","{""Quick drying"", ""Easy to sand""}",,,,,0,0,0,0,0,false,,,,,,,,,
,Reinforcement bars Y-10,Reinforcement bars Y-10,reinforcement-bars-y-10,Steel & Reinforcement,,Y-10 reinforcement steel bars,Reinforcement bars Y-10,1000,0,0,0,0,3,0,false,Out of Stock,Product,published,2024-01-01,2024-01-01,2024-01-01,true,false,false,false,10,"{""length"": 0, ""width"": 0, ""height"": 0}",,"{""steel"", ""rebar"", ""construction""}",Reinforcement bars Y-10,Construction reinforcement bars,"{""rebar"", ""steel"", ""construction""}","{""High tensile strength"", ""Corrosion resistant""}",,,,,0,0,0,0,0,false,,,,,,,,,
,Reinforcement bars Y-12,Reinforcement bars Y-12,reinforcement-bars-y-12,Steel & Reinforcement,,Y-12 reinforcement steel bars,Reinforcement bars Y-12,1400,0,0,0,0,3,0,false,Out of Stock,Product,published,2024-01-01,2024-01-01,2024-01-01,true,false,false,false,12,"{""length"": 0, ""width"": 0, ""height"": 0}",,"{""steel"", ""rebar"", ""construction""}",Reinforcement bars Y-12,Heavy duty reinforcement bars,"{""rebar"", ""steel"", ""construction""}","{""High tensile strength"", ""Corrosion resistant""}",,,,,0,0,0,0,0,false,,,,,,,,,
,Reinforcement bars R-6,Reinforcement bars R-6,reinforcement-bars-r-6,Steel & Reinforcement,,R-6 reinforcement steel bars,Reinforcement bars R-6,300,0,0,0,0,5,0,false,Out of Stock,Product,published,2024-01-01,2024-01-01,2024-01-01,true,false,false,false,6,"{""length"": 0, ""width"": 0, ""height"": 0}",,"{""steel"", ""rebar"", ""construction""}",Reinforcement bars R-6,Light reinforcement bars,"{""rebar"", ""steel"", ""construction""}","{""Flexible"", ""Corrosion resistant""}",,,,,0,0,0,0,0,false,,,,,,,,,
,Reinforcement bars Y-8,Reinforcement bars Y-8,reinforcement-bars-y-8,Steel & Reinforcement,,Y-8 reinforcement steel bars,Reinforcement bars Y-8,750,0,0,0,0,3,0,false,Out of Stock,Product,published,2024-01-01,2024-01-01,2024-01-01,true,false,false,false,8,"{""length"": 0, ""width"": 0, ""height"": 0}",,"{""steel"", ""rebar"", ""construction""}",Reinforcement bars Y-8,Medium reinforcement bars,"{""rebar"", ""steel"", ""construction""}","{""High tensile strength"", ""Corrosion resistant""}",,,,,0,0,0,0,0,false,,,,,,,,,
,Chain links 4 feet,Chain links 4 feet,chain-links-4-feet,Steel & Reinforcement,,4 feet chain links for fencing,Chain links 4 feet,3000,0,0,0,0,2,0,false,Out of Stock,Product,published,2024-01-01,2024-01-01,2024-01-01,true,false,false,false,5,"{""length"": 4, ""width"": 0, ""height"": 0}",,"{""chain"", ""fencing"", ""security""}",Chain links 4 feet,4 feet fencing chain links,"{""chain"", ""fencing"", ""security""}","{""Durable"", ""Rust resistant""}",,,,,0,0,0,0,0,false,,,,,,,,,
,Chain links 5 feet,Chain links 5 feet,chain-links-5-feet,Steel & Reinforcement,,5 feet chain links for fencing,Chain links 5 feet,3500,0,0,0,0,2,0,false,Out of Stock,Product,published,2024-01-01,2024-01-01,2024-01-01,true,false,false,false,6,"{""length"": 5, ""width"": 0, ""height"": 0}",,"{""chain"", ""fencing"", ""security""}",Chain links 5 feet,5 feet fencing chain links,"{""chain"", ""fencing"", ""security""}","{""Durable"", ""Rust resistant""}",,,,,0,0,0,0,0,false,,,,,,,,,
,Chain links 6 feet,Chain links 6 feet,chain-links-6-feet,Steel & Reinforcement,,6 feet chain links for fencing,Chain links 6 feet,4000,0,0,0,0,2,0,false,Out of Stock,Product,published,2024-01-01,2024-01-01,2024-01-01,true,false,false,false,7,"{""length"": 6, ""width"": 0, ""height"": 0}",,"{""chain"", ""fencing"", ""security""}",Chain links 6 feet,6 feet fencing chain links,"{""chain"", ""fencing"", ""security""}","{""Durable"", ""Rust resistant""}",,,,,0,0,0,0,0,false,,,,,,,,,
,Hoop iron (Metres),Hoop iron (Metres),hoop-iron-metres,Steel & Reinforcement,,Hoop iron by the metre,Hoop iron per metre,200,0,0,0,0,5,0,false,Out of Stock,Product,published,2024-01-01,2024-01-01,2024-01-01,true,false,false,false,2,"{""length"": 1, ""width"": 0, ""height"": 0}",,"{""iron"", ""hoop"", ""binding""}",Hoop iron (Metres),Hoop iron sold by metre,"{""hoop iron"", ""binding"", ""metal""}","{""Flexible"", ""Strong""}",,,,,0,0,0,0,0,false,,,,,,,,,
,Hoop iron (Roll),Hoop iron (Roll),hoop-iron-roll,Steel & Reinforcement,,Hoop iron in roll form,Hoop iron roll,2500,0,0,0,0,2,0,false,Out of Stock,Product,published,2024-01-01,2024-01-01,2024-01-01,true,false,false,false,20,"{""length"": 0, ""width"": 0, ""height"": 0}",,"{""iron"", ""hoop"", ""binding""}",Hoop iron (Roll),Complete hoop iron roll,"{""hoop iron"", ""binding"", ""metal""}","{""Flexible"", ""Strong""}",,,,,0,0,0,0,0,false,,,,,,,,,
,Mesh wire H- gauge,Mesh wire H- gauge,mesh-wire-h-gauge,Steel & Reinforcement,,Heavy gauge mesh wire,Mesh wire H-gauge,1100,0,0,0,0,2,0,false,Out of Stock,Product,published,2024-01-01,2024-01-01,2024-01-01,true,false,false,false,15,"{""length"": 0, ""width"": 0, ""height"": 0}",,"{""mesh"", ""wire"", ""fencing""}",Mesh wire H- gauge,Heavy gauge mesh wire,"{""mesh"", ""wire"", ""fencing""}","{""Strong"", ""Durable""}",,,,,0,0,0,0,0,false,,,,,,,,,
,Mesh wire L - gauge,Mesh wire L - gauge,mesh-wire-l-gauge,Steel & Reinforcement,,Light gauge mesh wire,Mesh wire L-gauge,600,0,0,0,0,2,0,false,Out of Stock,Product,published,2024-01-01,2024-01-01,2024-01-01,true,false,false,false,8,"{""length"": 0, ""width"": 0, ""height"": 0}",,"{""mesh"", ""wire"", ""fencing""}",Mesh wire L - gauge,Light gauge mesh wire,"{""mesh"", ""wire"", ""fencing""}","{""Lightweight"", ""Flexible""}",,,,,0,0,0,0,0,false,,,,,,,,,
,Mesh wire M-gauge,Mesh wire M-gauge,mesh-wire-m-gauge,Steel & Reinforcement,,Medium gauge mesh wire,Mesh wire M-gauge,850,0,0,0,0,2,0,false,Out of Stock,Product,published,2024-01-01,2024-01-01,2024-01-01,true,false,false,false,12,"{""length"": 0, ""width"": 0, ""height"": 0}",,"{""mesh"", ""wire"", ""fencing""}",Mesh wire M-gauge,Medium gauge mesh wire,"{""mesh"", ""wire"", ""fencing""}","{""Balanced strength"", ""Versatile""}",,,,,0,0,0,0,0,false,,,,,,,,,
,Mitra Barbed wire 480mtrs,Mitra Barbed wire 480mtrs,mitra-barbed-wire-480mtrs,Steel & Reinforcement,,480 metres barbed wire,Barbed wire 480m,4500,0,0,0,0,2,0,false,Out of Stock,Product,published,2024-01-01,2024-01-01,2024-01-01,true,false,false,false,25,"{""length"": 480, ""width"": 0, ""height"": 0}",Mitra,"{""barbed wire"", ""fencing"", ""security""}",Mitra Barbed wire 480mtrs,480m barbed wire roll,"{""barbed wire"", ""fencing"", ""security""}","{""Security"", ""Deterrent""}",,,,,0,0,0,0,0,false,,,,,,,,,
,Mitra Barbed wire 610mtrs,Mitra Barbed wire 610mtrs,mitra-barbed-wire-610mtrs,Steel & Reinforcement,,610 metres barbed wire,Barbed wire 610m,5500,0,0,0,0,2,0,false,Out of Stock,Product,published,2024-01-01,2024-01-01,2024-01-01,true,false,false,false,30,"{""length"": 610, ""width"": 0, ""height"": 0}",Mitra,"{""barbed wire"", ""fencing"", ""security""}",Mitra Barbed wire 610mtrs,610m barbed wire roll,"{""barbed wire"", ""fencing"", ""security""}","{""Security"", ""Deterrent""}",,,,,0,0,0,0,0,false,,,,,,,,,
,Flats Bar 1.5",Flats Bar 1.5",flats-bar-1-5,Steel & Reinforcement,,1.5 inch flat steel bar,Flats Bar 1.5",650,0,0,0,0,3,0,false,Out of Stock,Product,published,2024-01-01,2024-01-01,2024-01-01,true,false,false,false,5,"{""length"": 0, ""width"": 1.5, ""height"": 0}",,"{""steel"", ""bar"", ""metal""}",Flats Bar 1.5",1.5 inch flat steel bar,"{""steel bar"", ""flat bar"", ""metal""}","{""Strong"", ""Versatile""}",,,,,0,0,0,0,0,false,,,,,,,,,
,Flats Bar 1',Flats Bar 1',flats-bar-1,Steel & Reinforcement,,1 inch flat steel bar,Flats Bar 1',450,0,0,0,0,3,0,false,Out of Stock,Product,published,2024-01-01,2024-01-01,2024-01-01,true,false,false,false,4,"{""length"": 0, ""width"": 1, ""height"": 0}",,"{""steel"", ""bar"", ""metal""}",Flats Bar 1',1 inch flat steel bar,"{""steel bar"", ""flat bar"", ""metal""}","{""Strong"", ""Versatile""}",,,,,0,0,0,0,0,false,,,,,,,,,
,Flats Bar 3/4",Flats Bar 3/4",flats-bar-3-4,Steel & Reinforcement,,3/4 inch flat steel bar,Flats Bar 3/4",300,0,0,0,0,3,0,false,Out of Stock,Product,published,2024-01-01,2024-01-01,2024-01-01,true,false,false,false,3,"{""length"": 0, ""width"": 0.75, ""height"": 0}",,"{""steel"", ""bar"", ""metal""}",Flats Bar 3/4",3/4 inch flat steel bar,"{""steel bar"", ""flat bar"", ""metal""}","{""Strong"", ""Versatile""}",,,,,0,0,0,0,0,false,,,,,,,,,
,Binding wire,Binding wire,binding-wire,Steel & Reinforcement,,Binding wire for construction,Binding wire,3500,0,0,0,0,3,0,false,Out of Stock,Product,published,2024-01-01,2024-01-01,2024-01-01,true,false,false,false,5,"{""length"": 0, ""width"": 0, ""height"": 0}",,"{""wire"", ""binding"", ""construction""}",Binding wire,Construction binding wire,"{""binding wire"", ""construction"", ""tying""}","{""Flexible"", ""Strong""}",,,,,0,0,0,0,0,false,,,,,,,,,
,Chicken wire 3 feet,Chicken wire 3 feet,chicken-wire-3-feet,Steel & Reinforcement,,3 feet chicken wire,Chicken wire 3 feet,1800,0,0,0,0,2,0,false,Out of Stock,Product,published,2024-01-01,2024-01-01,2024-01-01,true,false,false,false,3,"{""length"": 3, ""width"": 0, ""height"": 0}",,"{""chicken wire"", ""fencing"", ""poultry""}",Chicken wire 3 feet,3 feet chicken wire,"{""chicken wire"", ""fencing"", ""poultry""}","{""Protective"", ""Durable""}",,,,,0,0,0,0,0,false,,,,,,,,,
,Chicken wire 3 feet (M),Chicken wire 3 feet (M),chicken-wire-3-feet-m,Steel & Reinforcement,,3 feet medium chicken wire,Chicken wire 3 feet (M),150,0,0,0,0,3,0,false,Out of Stock,Product,published,2024-01-01,2024-01-01,2024-01-01,true,false,false,false,2,"{""length"": 3, ""width"": 0, ""height"": 0}",,"{""chicken wire"", ""fencing"", ""poultry""}",Chicken wire 3 feet (M),Medium gauge chicken wire,"{""chicken wire"", ""fencing"", ""poultry""}","{""Protective"", ""Durable""}",,,,,0,0,0,0,0,false,,,,,,,,,
,Green gauze wire (Meters),Green gauze wire (Meters),green-gauze-wire-meters,Steel & Reinforcement,,Green gauze wire by metre,Green gauze wire per metre,150,0,0,0,0,5,0,false,Out of Stock,Product,published,2024-01-01,2024-01-01,2024-01-01,true,false,false,false,1,"{""length"": 1, ""width"": 0, ""height"": 0}",,"{""gauze"", ""wire"", ""mesh""}",Green gauze wire (Meters),Green gauze wire sold by metre,"{""gauze wire"", ""mesh"", ""green""}","{""Flexible"", ""Decorative""}",,,,,0,0,0,0,0,false,,,,,,,,,
,Green gauze wire Roll,Green gauze wire Roll,green-gauze-wire-roll,Steel & Reinforcement,,Green gauze wire in roll,Green gauze wire roll,2500,0,0,0,0,2,0,false,Out of Stock,Product,published,2024-01-01,2024-01-01,2024-01-01,true,false,false,false,20,"{""length"": 0, ""width"": 0, ""height"": 0}",,"{""gauze"", ""wire"", ""mesh""}",Green gauze wire Roll,Complete gauze wire roll,"{""gauze wire"", ""mesh"", ""green""}","{""Flexible"", ""Decorative""}",,,,,0,0,0,0,0,false,,,,,,,,,
,Coffetry wire mesh,Coffetry wire mesh,coffetry-wire-mesh,Steel & Reinforcement,,Coffetry wire mesh,Coffetry wire mesh,350,0,0,0,0,1,0,false,Out of Stock,Product,published,2024-01-01,2024-01-01,2024-01-01,true,false,false,false,3,"{""length"": 0, ""width"": 0, ""height"": 0}",,"{""wire mesh"", ""coffetry"", ""construction""}",Coffetry wire mesh,Coffetry construction wire mesh,"{""wire mesh"", ""coffetry"", ""construction""}","{""Strong"", ""Supportive""}",,,,,0,0,0,0,0,false,,,,,,,,,
,Maisha iron sheets 2m,Maisha iron sheets 2m,maisha-iron-sheets-2m,Roofing Materials,,2m Maisha iron sheets,Maisha sheets 2m,800,0,0,0,0,3,0,false,Out of Stock,Product,published,2024-01-01,2024-01-01,2024-01-01,true,false,false,false,8,"{""length"": 2, ""width"": 1, ""height"": 0}",Maisha,"{""iron sheets"", ""roofing"", ""maisha""}",Maisha iron sheets 2m,2m Maisha roofing sheets,"{""maisha"", ""iron sheets"", ""roofing""}","{""Weather resistant"", ""Durable""}",,,,,0,0,0,0,0,false,,,,,,,,,
,Maisha Iron sheet 2.5m,Maisha Iron sheet 2.5m,maisha-iron-sheet-2-5m,Roofing Materials,,2.5m Maisha iron sheets,Maisha sheets 2.5m,1000,0,0,0,0,3,0,false,Out of Stock,Product,published,2024-01-01,2024-01-01,2024-01-01,true,false,false,false,10,"{""length"": 2.5, ""width"": 1, ""height"": 0}",Maisha,"{""iron sheets"", ""roofing"", ""maisha""}",Maisha Iron sheet 2.5m,2.5m Maisha roofing sheets,"{""maisha"", ""iron sheets"", ""roofing""}","{""Weather resistant"", ""Durable""}",,,,,0,0,0,0,0,false,,,,,,,,,
,Maisha iron sheets 3m,Maisha iron sheets 3m,maisha-iron-sheets-3m,Roofing Materials,,3m Maisha iron sheets,Maisha sheets 3m,1200,0,0,0,0,3,0,false,Out of Stock,Product,published,2024-01-01,2024-01-01,2024-01-01,true,false,false,false,12,"{""length"": 3, ""width"": 1, ""height"": 0}",Maisha,"{""iron sheets"", ""roofing"", ""maisha""}",Maisha iron sheets 3m,3m Maisha roofing sheets,"{""maisha"", ""iron sheets"", ""roofing""}","{""Weather resistant"", ""Durable""}",,,,,0,0,0,0,0,false,,,,,,,,,
,Maisha Ridges,Maisha Ridges,maisha-ridges,Roofing Materials,,Maisha roof ridges,Maisha ridges,280,0,0,0,0,5,0,false,Out of Stock,Product,published,2024-01-01,2024-01-01,2024-01-01,true,false,false,false,3,"{""length"": 0, ""width"": 0, ""height"": 0}",Maisha,"{""ridges"", ""roofing"", ""maisha""}",Maisha Ridges,Maisha roofing ridges,"{""maisha"", ""ridges"", ""roofing""}","{""Weather resistant"", ""Durable""}",,,,,0,0,0,0,0,false,,,,,,,,,
,Dumu-Zas sheets 2m,Dumu-Zas sheets 2m,dumu-zas-sheets-2m,Roofing Materials,,2m Dumu-Zas iron sheets,Dumu-Zas sheets 2m,900,0,0,0,0,3,0,false,Out of Stock,Product,published,2024-01-01,2024-01-01,2024-01-01,true,false,false,false,8,"{""length"": 2, ""width"": 1, ""height"": 0}",Dumu-Zas,"{""iron sheets"", ""roofing"", ""dumu-zas""}",Dumu-Zas sheets 2m,2m Dumu-Zas roofing sheets,"{""dumu-zas"", ""iron sheets"", ""roofing""}","{""Weather resistant"", ""Durable""}",,,,,0,0,0,0,0,false,,,,,,,,,
,Dumu-Zas sheets 2.5m,Dumu-Zas sheets 2.5m,dumu-zas-sheets-2-5m,Roofing Materials,,2.5m Dumu-Zas iron sheets,Dumu-Zas sheets 2.5m,1150,0,0,0,0,3,0,false,Out of Stock,Product,published,2024-01-01,2024-01-01,2024-01-01,true,false,false,false,10,"{""length"": 2.5, ""width"": 1, ""height"": 0}",Dumu-Zas,"{""iron sheets"", ""roofing"", ""dumu-zas""}",Dumu-Zas sheets 2.5m,2.5m Dumu-Zas roofing sheets,"{""dumu-zas"", ""iron sheets"", ""roofing""}","{""Weather resistant"", ""Durable""}",,,,,0,0,0,0,0,false,,,,,,,,,
,Dumu-Zas sheets 3m,Dumu-Zas sheets 3m,dumu-zas-sheets-3m,Roofing Materials,,3m Dumu-Zas iron sheets,Dumu-Zas sheets 3m,1350,0,0,0,0,3,0,false,Out of Stock,Product,published,2024-01-01,2024-01-01,2024-01-01,true,false,false,false,12,"{""length"": 3, ""width"": 1, ""height"": 0}",Dumu-Zas,"{""iron sheets"", ""roofing"", ""dumu-zas""}",Dumu-Zas sheets 3m,3m Dumu-Zas roofing sheets,"{""dumu-zas"", ""iron sheets"", ""roofing""}","{""Weather resistant"", ""Durable""}",,,,,0,0,0,0,0,false,,,,,,,,,
,Dumu Zas Ridges,Dumu Zas Ridges,dumu-zas-ridges,Roofing Materials,,Dumu-Zas roof ridges,Dumu-Zas ridges,350,0,0,0,0,5,0,false,Out of Stock,Product,published,2024-01-01,2024-01-01,2024-01-01,true,false,false,false,3,"{""length"": 0, ""width"": 0, ""height"": 0}",Dumu-Zas,"{""ridges"", ""roofing"", ""dumu-zas""}",Dumu Zas Ridges,Dumu-Zas roofing ridges,"{""dumu-zas"", ""ridges"", ""roofing""}","{""Weather resistant"", ""Durable""}",,,,,0,0,0,0,0,false,,,,,,,,,
,Roofing nails,Roofing nails,roofing-nails,Roofing Materials,,Roofing nails for iron sheets,Roofing nails,280,0,0,0,0,10,0,false,Out of Stock,Product,published,2024-01-01,2024-01-01,2024-01-01,true,false,false,false,1,"{""length"": 0, ""width"": 0, ""height"": 0}",,"{""nails"", ""roofing"", ""fasteners""}",Roofing nails,Roofing installation nails,"{""roofing nails"", ""fasteners"", ""construction""}","{""Galvanized"", ""Rust resistant""}",,,,,0,0,0,0,0,false,,,,,,,,,
,Roofing washers polythene,Roofing washers polythene,roofing-washers-polythene,Roofing Materials,,Polythene roofing washers,Roofing washers,100,0,0,0,0,10,0,false,Out of Stock,Product,published,2024-01-01,2024-01-01,2024-01-01,true,false,false,false,0.1,"{""length"": 0, ""width"": 0, ""height"": 0}",,"{""washers"", ""roofing"", ""polythene""}",Roofing washers polythene,Polythene roofing washers,"{""roofing washers"", ""polythene"", ""sealing""}","{""Waterproof"", ""Durable""}",,,,,0,0,0,0,0,false,,,,,,,,,
,Ventilations premium,Ventilations premium,ventilations-premium,Roofing Materials,,Premium roof ventilations,Roof ventilations,100,0,0,0,0,10,0,false,Out of Stock,Product,published,2024-01-01,2024-01-01,2024-01-01,true,false,false,false,2,"{""length"": 0, ""width"": 0, ""height"": 0}",,"{""ventilation"", ""roofing"", ""airflow""}",Ventilations premium,Premium roof ventilation,"{""ventilation"", ""roofing"", ""airflow""}","{""Improves airflow"", ""Weather resistant""}",,,,,0,0,0,0,0,false,,,,,,,,,
,Ceiling nails (25kg) (1 1/2"),Ceiling nails (25kg) (1 1/2"),ceiling-nails-25kg-1-1-2,Roofing Materials,,1.5 inch ceiling nails,25kg ceiling nails,300,0,0,0,0,10,0,false,Out of Stock,Product,published,2024-01-01,2024-01-01,2024-01-01,true,false,false,false,25,"{""length"": 1.5, ""width"": 0, ""height"": 0}",,"{""nails"", ""ceiling"", ""fasteners""}",Ceiling nails (25kg) (1 1/2"),1.5 inch ceiling nails,"{""ceiling nails"", ""fasteners"", ""construction""}","{""Galvanized"", ""Strong""}",,,,,0,0,0,0,0,false,,,,,,,,,
,U-nails (25kg),U-nails (25kg),u-nails-25kg,Roofing Materials,,25kg U-nails for roofing,U-nails 25kg,300,0,0,0,0,5,0,false,Out of Stock,Product,published,2024-01-01,2024-01-01,2024-01-01,true,false,false,false,25,"{""length"": 0, ""width"": 0, ""height"": 0}",,"{""u-nails"", ""roofing"", ""fasteners""}",U-nails (25kg),25kg U-nails for roofing,"{""u-nails"", ""roofing"", ""fasteners""}","{""Galvanized"", ""Rust resistant""}",,,,,0,0,0,0,0,false,,,,,,,,,
,Black oxide,Black oxide,black-oxide,Finishes & Paints,,Black oxide paint,Black oxide,350,0,0,0,0,5,0,false,Out of Stock,Product,published,2024-01-01,2024-01-01,2024-01-01,true,false,false,false,1,"{""length"": 0, ""width"": 0, ""height"": 0}",,"{""paint"", ""oxide"", ""black""}",Black oxide,Black oxide paint,"{""black oxide"", ""paint"", ""finish""}","{""Rust resistant"", ""Durable finish""}",,,,,0,0,0,0,0,false,,,,,,,,,
,Grey oxide,Grey oxide,grey-oxide,Finishes & Paints,,Grey oxide paint,Grey oxide,350,0,0,0,0,5,0,false,Out of Stock,Product,published,2024-01-01,2024-01-01,2024-01-01,true,false,false,false,1,"{""length"": 0, ""width"": 0, ""height"": 0}",,"{""paint"", ""oxide"", ""grey""}",Grey oxide,Grey oxide paint,"{""grey oxide"", ""paint"", ""finish""}","{""Rust resistant"", ""Durable finish""}",,,,,0,0,0,0,0,false,,,,,,,,,
,Green oxide,Green oxide,green-oxide,Finishes & Paints,,Green oxide paint,Green oxide,350,0,0,0,0,5,0,false,Out of Stock,Product,published,2024-01-01,2024-01-01,2024-01-01,true,false,false,false,1,"{""length"": 0, ""width"": 0, ""height"": 0}",,"{""paint"", ""oxide"", ""green""}",Green oxide,Green oxide paint,"{""green oxide"", ""paint"", ""finish""}","{""Rust resistant"", ""Durable finish""}",,,,,0,0,0,0,0,false,,,,,,,,,
,Red-oxide,Red-oxide,red-oxide,Finishes & Paints,,Red oxide paint,Red oxide,350,0,0,0,0,5,0,false,Out of Stock,Product,published,2024-01-01,2024-01-01,2024-01-01,true,false,false,false,1,"{""length"": 0, ""width"": 0, ""height"": 0}",,"{""paint"", ""oxide"", ""red""}",Red-oxide,Red oxide paint,"{""red oxide"", ""paint"", ""finish""}","{""Rust resistant"", ""Durable finish""}",,,,,0,0,0,0,0,false,,,,,,,,,
,Wood preservative,Wood preservative,wood-preservative,Finishes & Paints,,Wood preservative treatment,Wood preservative,950,0,0,0,0,3,0,false,Out of Stock,Product,published,2024-01-01,2024-01-01,2024-01-01,true,false,false,false,1,"{""length"": 0, ""width"": 0, ""height"": 0}",,"{""wood"", ""preservative"", ""treatment""}",Wood preservative,Wood protection preservative,"{""wood preservative"", ""treatment"", ""protection""}","{""Water resistant"", ""Insect repellent""}",,,,,0,0,0,0,0,false,,,,,,,,,
,Paint brushes (S10) 1",Paint brushes (S10) 1",paint-brushes-s10-1,Finishes & Paints,,1 inch S10 paint brush,Paint brush 1",0,0,0,0,0,3,0,false,Out of Stock,Product,published,2024-01-01,2024-01-01,2024-01-01,true,false,false,false,0.2,"{""length"": 0, ""width"": 0, ""height"": 0}",S10,"{""paint brush"", ""brushes"", ""painting""}",Paint brushes (S10) 1",1 inch paint brush,"{""paint brush"", ""s10"", ""painting""}","{""Soft bristles"", ""Comfortable grip""}",,,,,0,0,0,0,0,false,,,,,,,,,
,Paint brushes (S10) 2",Paint brushes (S10) 2",paint-brushes-s10-2,Finishes & Paints,,2 inch S10 paint brush,Paint brush 2",0,0,0,0,0,3,0,false,Out of Stock,Product,published,2024-01-01,2024-01-01,2024-01-01,true,false,false,false,0.3,"{""length"": 0, ""width"": 0, ""height"": 0}",S10,"{""paint brush"", ""brushes"", ""painting""}",Paint brushes (S10) 2",2 inch paint brush,"{""paint brush"", ""s10"", ""painting""}","{""Soft bristles"", ""Comfortable grip""}",,,,,0,0,0,0,0,false,,,,,,,,,
,Paint brushes (S10) 3",Paint brushes (S10) 3",paint-brushes-s10-3,Finishes & Paints,,3 inch S10 paint brush,Paint brush 3",0,0,0,0,0,3,0,false,Out of Stock,Product,published,2024-01-01,2024-01-01,2024-01-01,true,false,false,false,0.4,"{""length"": 0, ""width"": 0, ""height"": 0}",S10,"{""paint brush"", ""brushes"", ""painting""}",Paint brushes (S10) 3",3 inch paint brush,"{""paint brush"", ""s10"", ""painting""}","{""Soft bristles"", ""Comfortable grip""}",,,,,0,0,0,0,0,false,,,,,,,,,
,Paint brushes (S10) 4",Paint brushes (S10) 4",paint-brushes-s10-4,Finishes & Paints,,4 inch S10 paint brush,Paint brush 4",0,0,0,0,0,3,0,false,Out of Stock,Product,published,2024-01-01,2024-01-01,2024-01-01,true,false,false,false,0.5,"{""length"": 0, ""width"": 0, ""height"": 0}",S10,"{""paint brush"", ""brushes"", ""painting""}",Paint brushes (S10) 4",4 inch paint brush,"{""paint brush"", ""s10"", ""painting""}","{""Soft bristles"", ""Comfortable grip""}",,,,,0,0,0,0,0,false,,,,,,,,,
,Paint brushes (S10) 5",Paint brushes (S10) 5",paint-brushes-s10-5,Finishes & Paints,,5 inch S10 paint brush,Paint brush 5",0,0,0,0,0,3,0,false,Out of Stock,Product,published,2024-01-01,2024-01-01,2024-01-01,true,false,false,false,0.6,"{""length"": 0, ""width"": 0, ""height"": 0}",S10,"{""paint brush"", ""brushes"", ""painting""}",Paint brushes (S10) 5",5 inch paint brush,"{""paint brush"", ""s10"", ""painting""}","{""Soft bristles"", ""Comfortable grip""}",,,,,0,0,0,0,0,false,,,,,,,,,
,Paint brushes (S10) 6",Paint brushes (S10) 6",paint-brushes-s10-6,Finishes & Paints,,6 inch S10 paint brush,Paint brush 6",0,0,0,0,0,3,0,false,Out of Stock,Product,published,2024-01-01,2024-01-01,2024-01-01,true,false,false,false,0.7,"{""length"": 0, ""width"": 0, ""height"": 0}",S10,"{""paint brush"", ""brushes"", ""painting""}",Paint brushes (S10) 6",6 inch paint brush,"{""paint brush"", ""s10"", ""painting""}","{""Soft bristles"", ""Comfortable grip""}",,,,,0,0,0,0,0,false,,,,,,,,,
,Roller brushes,Roller brushes,roller-brushes,Finishes & Paints,,Paint roller brushes,Roller brushes,250,0,0,0,0,3,0,false,Out of Stock,Product,published,2024-01-01,2024-01-01,2024-01-01,true,false,false,false,0.5,"{""length"": 0, ""width"": 0, ""height"": 0}",,"{""roller"", ""brushes"", ""painting""}",Roller brushes,Paint roller brushes,"{""roller brushes"", ""painting"", ""tools""}","{""Smooth finish"", ""Efficient coverage""}",,,,,0,0,0,0,0,false,,,,,,,,,
,Sand paper P120,Sand paper P120,sand-paper-p120,Finishes & Paints,,P120 grit sand paper,Sand paper P120,150,0,0,0,0,2,0,false,Out of Stock,Product,published,2024-01-01,2024-01-01,2024-01-01,true,false,false,false,0.1,"{""length"": 0, ""width"": 0, ""height"": 0}",,"{""sand paper"", ""p120"", ""sanding""}",Sand paper P120,P120 grit sandpaper,"{""sandpaper"", ""p120"", ""sanding""}","{""Fine grit"", ""Smooth finish""}",,,,,0,0,0,0,0,false,,,,,,,,,
,Sand paper P80,Sand paper P80,sand-paper-p80,Finishes & Paints,,P80 grit sand paper,Sand paper P80,150,0,0,0,0,2,0,false,Out of Stock,Product,published,2024-01-01,2024-01-01,2024-01-01,true,false,false,false,0.1,"{""length"": 0, ""width"": 0, ""height"": 0}",,"{""sand paper"", ""p80"", ""sanding""}",Sand paper P80,P80 grit sandpaper,"{""sandpaper"", ""p80"", ""sanding""}","{""Medium grit"", ""Versatile""}",,,,,0,0,0,0,0,false,,,,,,,,,
,Sand paper P100,Sand paper P100,sand-paper-p100,Finishes & Paints,,P100 grit sand paper,Sand paper P100,150,0,0,0,0,2,0,false,Out of Stock,Product,published,2024-01-01,2024-01-01,2024-01-01,true,false,false,false,0.1,"{""length"": 0, ""width"": 0, ""height"": 0}",,"{""sand paper"", ""p100"", ""sanding""}",Sand paper P100,P100 grit sandpaper,"{""sandpaper"", ""p100"", ""sanding""}","{""Medium-fine grit"", ""Smooth finish""}",,,,,0,0,0,0,0,false,,,,,,,,,
,Conta 250ml,Conta 250ml,conta-250ml,Plumbing & Water,,250ml Conta sealant,Conta 250ml,450,0,0,0,0,3,0,false,Out of Stock,Product,published,2024-01-01,2024-01-01,2024-01-01,true,false,false,false,0.25,"{""length"": 0, ""width"": 0, ""height"": 0}",Conta,"{""conta"", ""sealant"", ""plumbing""}",Conta 250ml,250ml Conta plumbing sealant,"{""conta"", ""sealant"", ""plumbing""}","{""Waterproof"", ""Flexible""}",,,,,0,0,0,0,0,false,,,,,,,,,
,Conta 500ml,Conta 500ml,conta-500ml,Plumbing & Water,,500ml Conta sealant,Conta 500ml,650,0,0,0,0,3,0,false,Out of Stock,Product,published,2024-01-01,2024-01-01,2024-01-01,true,false,false,false,0.5,"{""length"": 0, ""width"": 0, ""height"": 0}",Conta,"{""conta"", ""sealant"", ""plumbing""}",Conta 500ml,500ml Conta plumbing sealant,"{""conta"", ""sealant"", ""plumbing""}","{""Waterproof"", ""Flexible""}",,,,,0,0,0,0,0,false,,,,,,,,,
,Conta 1ltr,Conta 1ltr,conta-1ltr,Plumbing & Water,,1 liter Conta sealant,Conta 1 liter,1200,0,0,0,0,3,0,false,Out of Stock,Product,published,2024-01-01,2024-01-01,2024-01-01,true,false,false,false,1,"{""length"": 0, ""width"": 0, ""height"": 0}",Conta,"{""conta"", ""sealant"", ""plumbing""}",Conta 1ltr,1 liter Conta plumbing sealant,"{""conta"", ""sealant"", ""plumbing""}","{""Waterproof"", ""Flexible""}",,,,,0,0,0,0,0,false,,,,,,,,,
,Tangit 250ml,Tangit 250ml,tangit-250ml,Plumbing & Water,,250ml Tangit sealant,Tangit 250ml,450,0,0,0,0,3,0,false,Out of Stock,Product,published,2024-01-01,2024-01-01,2024-01-01,true,false,false,false,0.25,"{""length"": 0, ""width"": 0, ""height"": 0}",Tangit,"{""tangit"", ""sealant"", ""plumbing""}",Tangit 250ml,250ml Tangit plumbing sealant,"{""tangit"", ""sealant"", ""plumbing""}","{""Waterproof"", ""Flexible""}",,,,,0,0,0,0,0,false,,,,,,,,,
,Tangit 500ml,Tangit 500ml,tangit-500ml,Plumbing & Water,,500ml Tangit sealant,Tangit 500ml,1000,0,0,0,0,3,0,false,Out of Stock,Product,published,2024-01-01,2024-01-01,2024-01-01,true,false,false,false,0.5,"{""length"": 0, ""width"": 0, ""height"": 0}",Tangit,"{""tangit"", ""sealant"", ""plumbing""}",Tangit 500ml,500ml Tangit plumbing sealant,"{""tangit"", ""sealant"", ""plumbing""}","{""Waterproof"", ""Flexible""}",,,,,0,0,0,0,0,false,,,,,,,,,
,Tangit 50ml - Tube,Tangit 50ml - Tube,tangit-50ml-tube,Plumbing & Water,,50ml Tangit tube sealant,Tangit 50ml tube,220,0,0,0,0,3,0,false,Out of Stock,Product,published,2024-01-01,2024-01-01,2024-01-01,true,false,false,false,0.05,"{""length"": 0, ""width"": 0, ""height"": 0}",Tangit,"{""tangit"", ""sealant"", ""plumbing""}",Tangit 50ml - Tube,50ml Tangit tube sealant,"{""tangit"", ""sealant"", ""plumbing""}","{""Waterproof"", ""Flexible""}",,,,,0,0,0,0,0,false,,,,,,,,,
,Chrome pipes 3/4",Chrome pipes 3/4",chrome-pipes-3-4,Plumbing & Water,,3/4 inch chrome pipes,Chrome pipes 3/4",750,0,0,0,0,3,0,false,Out of Stock,Product,published,2024-01-01,2024-01-01,2024-01-01,true,false,false,false,2,"{""length"": 0, ""width"": 0.75, ""height"": 0}",,"{""chrome pipes"", ""plumbing"", ""pipes""}",Chrome pipes 3/4",3/4 inch chrome plumbing pipes,"{""chrome pipes"", ""plumbing"", ""pipes""}","{""Corrosion resistant"", ""Durable""}",,,,,0,0,0,0,0,false,,,,,,,,,
,Plastic/ Corona taps,Plastic/ Corona taps,plastic-corona-taps,Plumbing & Water,,Plastic corona taps,Plastic taps,250,0,0,0,0,3,0,false,Out of Stock,Product,published,2024-01-01,2024-01-01,2024-01-01,true,false,false,false,0.5,"{""length"": 0, ""width"": 0, ""height"": 0}",Corona,"{""taps"", ""plastic"", ""plumbing""}",Plastic/ Corona taps,Plastic corona water taps,"{""plastic taps"", ""corona"", ""plumbing""}","{""Lightweight"", ""Corrosion free""}",,,,,0,0,0,0,0,false,,,,,,,,,
,DPM Polythene Meters,DPM Polythene Meters,dpm-polythene-meters,Plumbing & Water,,DPM polythene by metre,DPM polythene per metre,150,0,0,0,0,10,0,false,Out of Stock,Product,published,2024-01-01,2024-01-01,2024-01-01,true,false,false,false,0.2,"{""length"": 1, ""width"": 0, ""height"": 0}",,"{""dpm"", ""polythene"", ""waterproofing""}",DPM Polythene Meters,DPM polythene sold by metre,"{""dpm"", ""polythene"", ""waterproofing""}","{""Waterproof"", ""Durable""}",,,,,0,0,0,0,0,false,,,,,,,,,
,DPM Polythene Roll,DPM Polythene Roll,dpm-polythene-roll,Plumbing & Water,,DPM polythene roll,DPM polythene roll,2500,0,0,0,0,2,0,false,Out of Stock,Product,published,2024-01-01,2024-01-01,2024-01-01,true,false,false,false,15,"{""length"": 0, ""width"": 0, ""height"": 0}",,"{""dpm"", ""polythene"", ""waterproofing""}",DPM Polythene Roll,Complete DPM polythene roll,"{""dpm"", ""polythene"", ""waterproofing""}","{""Waterproof"", ""Durable""}",,,,,0,0,0,0,0,false,,,,,,,,,
,Door hinges 4" Light,Door hinges 4" Light,door-hinges-4-light,Furniture,,4 inch light door hinges,Door hinges 4" Light,80,0,0,0,0,5,0,false,Out of Stock,Product,published,2024-01-01,2024-01-01,2024-01-01,true,false,false,false,0.3,"{""length"": 4, ""width"": 0, ""height"": 0}",,"{""door hinges"", ""hinges"", ""furniture""}",Door hinges 4" Light,4 inch light door hinges,"{""door hinges"", ""light"", ""furniture""}","{""Smooth operation"", ""Durable""}",,,,,0,0,0,0,0,false,,,,,,,,,
,Door hinges 4" Standard,Door hinges 4" Standard,door-hinges-4-standard,Furniture,,4 inch standard door hinges,Door hinges 4" Standard,100,0,0,0,0,5,0,false,Out of Stock,Product,published,2024-01-01,2024-01-01,2024-01-01,true,false,false,false,0.4,"{""length"": 4, ""width"": 0, ""height"": 0}",,"{""door hinges"", ""hinges"", ""furniture""}",Door hinges 4" Standard,4 inch standard door hinges,"{""door hinges"", ""standard"", ""furniture""}","{""Smooth operation"", ""Durable""}",,,,,0,0,0,0,0,false,,,,,,,,,
,Door hinges jua kali 3'' (Pair),Door hinges jua kali 3'' (Pair),door-hinges-jua-kali-3-pair,Furniture,,3 inch jua kali door hinges,Door hinges 3" Jua Kali,100,0,0,0,0,3,0,false,Out of Stock,Product,published,2024-01-01,2024-01-01,2024-01-01,true,false,false,false,0.3,"{""length"": 3, ""width"": 0, ""height"": 0}",Jua Kali,"{""door hinges"", ""jua kali"", ""furniture""}",Door hinges jua kali 3'' (Pair),3 inch jua kali door hinges,"{""door hinges"", ""jua kali"", ""furniture""}","{""Affordable"", ""Functional""}",,,,,0,0,0,0,0,false,,,,,,,,,
,Door hinges jua kali 4'' (Pair),Door hinges jua kali 4'' (Pair),door-hinges-jua-kali-4-pair,Furniture,,4 inch jua kali door hinges,Door hinges 4" Jua Kali,150,0,0,0,0,3,0,false,Out of Stock,Product,published,2024-01-01,2024-01-01,2024-01-01,true,false,false,false,0.4,"{""length"": 4, ""width"": 0, ""height"": 0}",Jua Kali,"{""door hinges"", ""jua kali"", ""furniture""}",Door hinges jua kali 4'' (Pair),4 inch jua kali door hinges,"{""door hinges"", ""jua kali"", ""furniture""}","{""Affordable"", ""Functional""}",,,,,0,0,0,0,0,false,,,,,,,,,
,Oxford Door hinges,Oxford Door hinges,oxford-door-hinges,Furniture,,Oxford brand door hinges,Oxford door hinges,280,0,0,0,0,3,0,false,Out of Stock,Product,published,2024-01-01,2024-01-01,2024-01-01,true,false,false,false,0.4,"{""length"": 0, ""width"": 0, ""height"": 0}",Oxford,"{""door hinges"", ""oxford"", ""furniture""}",Oxford Door hinges,Oxford brand door hinges,"{""door hinges"", ""oxford"", ""furniture""}","{""Premium quality"", ""Smooth operation""}",,,,,0,0,0,0,0,false,,,,,,,,,
,Malpa hinges,Malpa hinges,malpa-hinges,Furniture,,Malpa brand hinges,Malpa hinges,200,0,0,0,0,5,0,false,Out of Stock,Product,published,2024-01-01,2024-01-01,2024-01-01,true,false,false,false,0.3,"{""length"": 0, ""width"": 0, ""height"": 0}",Malpa,"{""hinges"", ""malpa"", ""furniture""}",Malpa hinges,Malpa brand hinges,"{""hinges"", ""malpa"", ""furniture""}","{""Durable"", ""Reliable""}",,,,,0,0,0,0,0,false,,,,,,,,,
,Malpa hinges singles,Malpa hinges singles,malpa-hinges-singles,Furniture,,Malpa single hinges,Malpa single hinges,100,0,0,0,0,5,0,false,Out of Stock,Product,published,2024-01-01,2024-01-01,2024-01-01,true,false,false,false,0.2,"{""length"": 0, ""width"": 0, ""height"": 0}",Malpa,"{""hinges"", ""malpa"", ""furniture""}",Malpa hinges singles,Malpa single hinges,"{""hinges"", ""malpa"", ""furniture""}","{""Durable"", ""Reliable""}",,,,,0,0,0,0,0,false,,,,,,,,,
,Window hinges 2",Window hinges 2",window-hinges-2,Furniture,,2 inch window hinges,Window hinges 2",40,0,0,0,0,5,0,false,Out of Stock,Product,published,2024-01-01,2024-01-01,2024-01-01,true,false,false,false,0.1,"{""length"": 2, ""width"": 0, ""height"": 0}",,"{""window hinges"", ""hinges"", ""furniture""}",Window hinges 2",2 inch window hinges,"{""window hinges"", ""hinges"", ""furniture""}","{""Smooth operation"", ""Durable""}",,,,,0,0,0,0,0,false,,,,,,,,,
,Window hinges 2.5",Window hinges 2.5",window-hinges-2-5,Furniture,,2.5 inch window hinges,Window hinges 2.5",50,0,0,0,0,5,0,false,Out of Stock,Product,published,2024-01-01,2024-01-01,2024-01-01,true,false,false,false,0.15,"{""length"": 2.5, ""width"": 0, ""height"": 0}",,"{""window hinges"", ""hinges"", ""furniture""}",Window hinges 2.5",2.5 inch window hinges,"{""window hinges"", ""hinges"", ""furniture""}","{""Smooth operation"", ""Durable""}",,,,,0,0,0,0,0,false,,,,,,,,,
,Window hinges 3",Window hinges 3",window-hinges-3,Furniture,,3 inch window hinges,Window hinges 3",60,0,0,0,0,5,0,false,Out of Stock,Product,published,2024-01-01,2024-01-01,2024-01-01,true,false,false,false,0.2,"{""length"": 3, ""width"": 0, ""height"": 0}",,"{""window hinges"", ""hinges"", ""furniture""}",Window hinges 3",3 inch window hinges,"{""window hinges"", ""hinges"", ""furniture""}","{""Smooth operation"", ""Durable""}",,,,,0,0,0,0,0,false,,,,,,,,,
,Glass Window hinges,Glass Window hinges,glass-window-hinges,Furniture,,Glass window hinges,Glass window hinges,40,0,0,0,0,5,0,false,Out of Stock,Product,published,2024-01-01,2024-01-01,2024-01-01,true,false,false,false,0.1,"{""length"": 0, ""width"": 0, ""height"": 0}",,"{""window hinges"", ""glass"", ""furniture""}",Glass Window hinges,Glass window hinges,"{""window hinges"", ""glass"", ""furniture""}","{""Smooth operation"", ""Transparent""}",,,,,0,0,0,0,0,false,,,,,,,,,
,Piano hinges,Piano hinges,piano-hinges,Furniture,,Piano hinges for furniture,Piano hinges,250,0,0,0,0,2,0,false,Out of Stock,Product,published,2024-01-01,2024-01-01,2024-01-01,true,false,false,false,0.5,"{""length"": 0, ""width"": 0, ""height"": 0}",,"{""piano hinges"", ""hinges"", ""furniture""}",Piano hinges,Piano hinges for furniture,"{""piano hinges"", ""hinges"", ""furniture""}","{""Continuous"", ""Smooth operation""}",,,,,0,0,0,0,0,false,,,,,,,,,
,Drawer handles - Silver,Drawer handles - Silver,drawer-handles-silver,Furniture,,Silver drawer handles,Drawer handles silver,150,0,0,0,0,5,0,false,Out of Stock,Product,published,2024-01-01,2024-01-01,2024-01-01,true,false,false,false,0.2,"{""length"": 0, ""width"": 0, ""height"": 0}",,"{""drawer handles"", ""handles"", ""furniture""}",Drawer handles - Silver,Silver drawer handles,"{""drawer handles"", ""silver"", ""furniture""}","{""Elegant"", ""Durable""}",,,,,0,0,0,0,0,false,,,,,,,,,
,Drawer Handles gold,Drawer Handles gold,drawer-handles-gold,Furniture,,Gold drawer handles,Drawer handles gold,150,0,0,0,0,5,0,false,Out of Stock,Product,published,2024-01-01,2024-01-01,2024-01-01,true,false,false,false,0.2,"{""length"": 0, ""width"": 0, ""height"": 0}",,"{""drawer handles"", ""handles"", ""furniture""}",Drawer Handles gold,Gold drawer handles,"{""drawer handles"", ""gold"", ""furniture""}","{""Elegant"", ""Durable""}",,,,,0,0,0,0,0,false,,,,,,,,,
,Drawer Knobs,Drawer Knobs,drawer-knobs,Furniture,,Drawer knobs,Drawer knobs,100,0,0,0,0,5,0,false,Out of Stock,Product,published,2024-01-01,2024-01-01,2024-01-01,true,false,false,false,0.1,"{""length"": 0, ""width"": 0, ""height"": 0}",,"{""drawer knobs"", ""knobs"", ""furniture""}",Drawer Knobs,Drawer knobs,"{""drawer knobs"", ""knobs"", ""furniture""}","{""Easy to grip"", ""Decorative""}",,,,,0,0,0,0,0,false,,,,,,,,,
,Drawer Rail/slide 12'',Drawer Rail/slide 12'',drawer-rail-slide-12,Furniture,,12 inch drawer slides,Drawer slides 12",300,0,0,0,0,2,0,false,Out of Stock,Product,published,2024-01-01,2024-01-01,2024-01-01,true,false,false,false,0.4,"{""length"": 12, ""width"": 0, ""height"": 0}",,"{""drawer slides"", ""rails"", ""furniture""}",Drawer Rail/slide 12'',12 inch drawer slides,"{""drawer slides"", ""rails"", ""furniture""}","{""Smooth operation"", ""Durable""}",,,,,0,0,0,0,0,false,,,,,,,,,
,Drawer Rail/slide 14'',Drawer Rail/slide 14'',drawer-rail-slide-14,Furniture,,14 inch drawer slides,Drawer slides 14",450,0,0,0,0,2,0,false,Out of Stock,Product,published,2024-01-01,2024-01-01,2024-01-01,true,false,false,false,0.5,"{""length"": 14, ""width"": 0, ""height"": 0}",,"{""drawer slides"", ""rails"", ""furniture""}",Drawer Rail/slide 14'',14 inch drawer slides,"{""drawer slides"", ""rails"", ""furniture""}","{""Smooth operation"", ""Durable""}",,,,,0,0,0,0,0,false,,,,,,,,,
,Drawer Rail/slide 16'',Drawer Rail/slide 16'',drawer-rail-slide-16,Furniture,,16 inch drawer slides,Drawer slides 16",650,0,0,0,0,2,0,false,Out of Stock,Product,published,2024-01-01,2024-01-01,2024-01-01,true,false,false,false,0.6,"{""length"": 16, ""width"": 0, ""height"": 0}",,"{""drawer slides"", ""rails"", ""furniture""}",Drawer Rail/slide 16'',16 inch drawer slides,"{""drawer slides"", ""rails"", ""furniture""}","{""Smooth operation"", ""Durable""}",,,,,0,0,0,0,0,false,,,,,,,,,
,Drawer Rail/slide 18'',Drawer Rail/slide 18'',drawer-rail-slide-18,Furniture,,18 inch drawer slides,Drawer slides 18",750,0,0,0,0,2,0,false,Out of Stock,Product,published,2024-01-01,2024-01-01,2024-01-01,true,false,false,false,0.7,"{""length"": 18, ""width"": 0, ""height"": 0}",,"{""drawer slides"", ""rails"", ""furniture""}",Drawer Rail/slide 18'',18 inch drawer slides,"{""drawer slides"", ""rails"", ""furniture""}","{""Smooth operation"", ""Durable""}",,,,,0,0,0,0,0,false,,,,,,,,,
,Curtain rods 1m,Curtain rods 1m,curtain-rods-1m,Furniture,,1 meter curtain rods,Curtain rods 1m,1200,0,0,0,0,2,0,false,Out of Stock,Product,published,2024-01-01,2024-01-01,2024-01-01,true,false,false,false,1,"{""length"": 1, ""width"": 0, ""height"": 0}",,"{""curtain rods"", ""rods"", ""furniture""}",Curtain rods 1m,1 meter curtain rods,"{""curtain rods"", ""furniture"", ""window""}","{""Adjustable"", ""Decorative""}",,,,,0,0,0,0,0,false,,,,,,,,,
,Curtain rods 2m,Curtain rods 2m,curtain-rods-2m,Furniture,,2 meter curtain rods,Curtain rods 2m,1500,0,0,0,0,2,0,false,Out of Stock,Product,published,2024-01-01,2024-01-01,2024-01-01,true,false,false,false,1.5,"{""length"": 2, ""width"": 0, ""height"": 0}",,"{""curtain rods"", ""rods"", ""furniture""}",Curtain rods 2m,2 meter curtain rods,"{""curtain rods"", ""furniture"", ""window""}","{""Adjustable"", ""Decorative""}",,,,,0,0,0,0,0,false,,,,,,,,,
,Curtain rods 3m,Curtain rods 3m,curtain-rods-3m,Furniture,,3 meter curtain rods,Curtain rods 3m,1800,0,0,0,0,2,0,false,Out of Stock,Product,published,2024-01-01,2024-01-01,2024-01-01,true,false,false,false,2,"{""length"": 3, ""width"": 0, ""height"": 0}",,"{""curtain rods"", ""rods"", ""furniture""}",Curtain rods 3m,3 meter curtain rods,"{""curtain rods"", ""furniture"", ""window""}","{""Adjustable"", ""Decorative""}",,,,,0,0,0,0,0,false,,,,,,,,,
,Curtain rings black,Curtain rings black,curtain-rings-black,Furniture,,Black curtain rings,Curtain rings black,20,0,0,0,0,5,0,false,Out of Stock,Product,published,2024-01-01,2024-01-01,2024-01-01,true,false,false,false,0.05,"{""length"": 0, ""width"": 0, ""height"": 0}",,"{""curtain rings"", ""rings"", ""furniture""}",Curtain rings black,Black curtain rings,"{""curtain rings"", ""black"", ""furniture""}","{""Smooth glide"", ""Durable""}",,,,,0,0,0,0,0,false,,,,,,,,,
,Chrome brackets,Chrome brackets,chrome-brackets,Furniture,,Chrome brackets for furniture,Chrome brackets,0,0,0,0,0,10,0,false,Out of Stock,Product,published,2024-01-01,2024-01-01,2024-01-01,true,false,false,false,0.2,"{""length"": 0, ""width"": 0, ""height"": 0}",,"{""brackets"", ""chrome"", ""furniture""}",Chrome brackets,Chrome furniture brackets,"{""brackets"", ""chrome"", ""furniture""}","{""Strong support"", ""Decorative""}",,,,,0,0,0,0,0,false,,,,,,,,,
,Closed chrome brackets,Closed chrome brackets,closed-chrome-brackets,Furniture,,Closed chrome brackets,Closed chrome brackets,150,0,0,0,0,5,0,false,Out of Stock,Product,published,2024-01-01,2024-01-01,2024-01-01,true,false,false,false,0.3,"{""length"": 0, ""width"": 0, ""height"": 0}",,"{""brackets"", ""chrome"", ""furniture""}",Closed chrome brackets,Closed chrome brackets,"{""brackets"", ""chrome"", ""furniture""}","{""Strong support"", ""Decorative""}",,,,,0,0,0,0,0,false,,,,,,,,,
,Open chrome brackets,Open chrome brackets,open-chrome-brackets,Furniture,,Open chrome brackets,Open chrome brackets,200,0,0,0,0,3,0,false,Out of Stock,Product,published,2024-01-01,2024-01-01,2024-01-01,true,false,false,false,0.2,"{""length"": 0, ""width"": 0, ""height"": 0}",,"{""brackets"", ""chrome"", ""furniture""}",Open chrome brackets,Open chrome brackets,"{""brackets"", ""chrome"", ""furniture""}","{""Strong support"", ""Decorative""}",,,,,0,0,0,0,0,false,,,,,,,,,
,Moment door locks,Moment door locks,moment-door-locks,Furniture,,Moment brand door locks,Moment door locks,1700,0,0,0,0,2,0,false,Out of Stock,Product,published,2024-01-01,2024-01-01,2024-01-01,true,false,false,false,0.8,"{""length"": 0, ""width"": 0, ""height"": 0}",Moment,"{""door locks"", ""locks"", ""furniture""}",Moment door locks,Moment brand door locks,"{""door locks"", ""moment"", ""furniture""}","{""Secure"", ""Durable""}",,,,,0,0,0,0,0,false,,,,,,,,,
,Moment bathroom locks,Moment bathroom locks,moment-bathroom-locks,Furniture,,Moment brand bathroom locks,Moment bathroom locks,850,0,0,0,9,2,9,true,In Stock,Product,published,2024-01-01,2024-01-01,2024-01-01,true,false,false,false,0.6,"{""length"": 0, ""width"": 0, ""height"": 0}",Moment,"{""bathroom locks"", ""locks"", ""furniture""}",Moment bathroom locks,Moment brand bathroom locks,"{""bathroom locks"", ""moment"", ""furniture""}","{""Secure"", ""Durable""}",,,,,0,0,0,0,0,false,,,,,,,,,
,Xiaoboshi Drawer Locks,Xiaoboshi Drawer Locks,xiaoboshi-drawer-locks,Furniture,,Xiaoboshi drawer locks,Xiaoboshi drawer locks,150,0,0,0,0,5,0,false,Out of Stock,Product,published,2024-01-01,2024-01-01,2024-01-01,true,false,false,false,0.3,"{""length"": 0, ""width"": 0, ""height"": 0}",Xiaoboshi,"{""drawer locks"", ""locks"", ""furniture""}",Xiaoboshi Drawer Locks,Xiaoboshi drawer locks,"{""drawer locks"", ""xiaoboshi"", ""furniture""}","{""Secure"", ""Compact""}",,,,,0,0,0,0,0,false,,,,,,,,,
,Engaged vacant lock,Engaged vacant lock,engaged-vacant-lock,Furniture,,Engaged vacant door lock,Engaged vacant lock,850,0,0,0,0,3,0,false,Out of Stock,Product,published,2024-01-01,2024-01-01,2024-01-01,true,false,false,false,0.7,"{""length"": 0, ""width"": 0, ""height"": 0}",,"{""door locks"", ""locks"", ""furniture""}",Engaged vacant lock,Engaged vacant door lock,"{""door locks"", ""engaged"", ""furniture""}","{""Secure"", ""Durable""}",,,,,0,0,0,0,0,false,,,,,,,,,
,Fly globe locks - Knob,Fly globe locks - Knob,fly-globe-locks-knob,Furniture,,Fly globe knob locks,Fly globe locks,850,0,0,0,0,3,0,false,Out of Stock,Product,published,2024-01-01,2024-01-01,2024-01-01,true,false,false,false,0.5,"{""length"": 0, ""width"": 0, ""height"": 0}",Fly Globe,"{""door locks"", ""locks"", ""furniture""}",Fly globe locks - Knob,Fly globe knob locks,"{""door locks"", ""fly globe"", ""furniture""}","{""Secure"", ""Easy to use""}",,,,,0,0,0,0,0,false,,,,,,,,,
,Steel door handles,Steel door handles,steel-door-handles,Furniture,,Steel door handles,Steel door handles,150,0,0,0,0,2,0,false,Out of Stock,Product,published,2024-01-01,2024-01-01,2024-01-01,true,false,false,false,0.4,"{""length"": 0, ""width"": 0, ""height"": 0}",,"{""door handles"", ""handles"", ""furniture""}",Steel door handles,Steel door handles,"{""door handles"", ""steel"", ""furniture""}","{""Durable"", ""Comfortable grip""}",,,,,0,0,0,0,0,false,,,,,,,,,
,Steel door handles (Heavy),Steel door handles (Heavy),steel-door-handles-heavy,Furniture,,Heavy steel door handles,Heavy steel door handles,250,0,0,0,0,2,0,false,Out of Stock,Product,published,2024-01-01,2024-01-01,2024-01-01,true,false,false,false,0.6,"{""length"": 0, ""width"": 0, ""height"": 0}",,"{""door handles"", ""handles"", ""furniture""}",Steel door handles (Heavy),Heavy steel door handles,"{""door handles"", ""steel"", ""furniture""}","{""Durable"", ""Comfortable grip""}",,,,,0,0,0,0,0,false,,,,,,,,,
,Jua kali Tower bolt 5" - Silver,Jua kali Tower bolt 5" - Silver,jua-kali-tower-bolt-5-silver,Furniture,,5 inch jua kali tower bolt,Jua kali tower bolt 5",100,0,0,0,0,3,0,false,Out of Stock,Product,published,2024-01-01,2024-01-01,2024-01-01,true,false,false,false,0.3,"{""length"": 5, ""width"": 0, ""height"": 0}",Jua Kali,"{""tower bolts"", ""bolts"", ""furniture""}",Jua kali Tower bolt 5" - Silver,5 inch jua kali tower bolt,"{""tower bolts"", ""jua kali"", ""furniture""}","{""Affordable"", ""Functional""}",,,,,0,0,0,0,0,false,,,,,,,,,
,Jua kali tower bolts 6",Jua kali tower bolts 6",jua-kali-tower-bolts-6,Furniture,,6 inch jua kali tower bolt,Jua kali tower bolt 6",80,0,0,0,0,3,0,false,Out of Stock,Product,published,2024-01-01,2024-01-01,2024-01-01,true,false,false,false,0.4,"{""length"": 6, ""width"": 0, ""height"": 0}",Jua Kali,"{""tower bolts"", ""bolts"", ""furniture""}",Jua kali tower bolts 6",6 inch jua kali tower bolt,"{""tower bolts"", ""jua kali"", ""furniture""}","{""Affordable"", ""Functional""}",,,,,0,0,0,0,0,false,,,,,,,,,
,Tower bolts (black/ blue) 7",Tower bolts (black/ blue) 7",tower-bolts-black-blue-7,Furniture,,7 inch black/blue tower bolts,Tower bolts 7",150,0,0,0,0,3,0,false,Out of Stock,Product,published,2024-01-01,2024-01-01,2024-01-01,true,false,false,false,0.5,"{""length"": 7, ""width"": 0, ""height"": 0}",,"{""tower bolts"", ""bolts"", ""furniture""}",Tower bolts (black/ blue) 7",7 inch tower bolts,"{""tower bolts"", ""bolts"", ""furniture""}","{""Secure"", ""Durable""}",,,,,0,0,0,0,0,false,,,,,,,,,
,Window Tower bolts (black) 3",Window Tower bolts (black) 3",window-tower-bolts-black-3,Furniture,,3 inch window tower bolts,Window tower bolts 3",40,0,0,0,0,3,0,false,Out of Stock,Product,published,2024-01-01,2024-01-01,2024-01-01,true,false,false,false,0.2,"{""length"": 3, ""width"": 0, ""height"": 0}",,"{""tower bolts"", ""window"", ""furniture""}",Window Tower bolts (black) 3",3 inch window tower bolts,"{""tower bolts"", ""window"", ""furniture""}","{""Secure"", ""Compact""}",,,,,0,0,0,0,0,false,,,,,,,,,
,Window Tower bolts (black) 4",Window Tower bolts (black) 4",window-tower-bolts-black-4,Furniture,,4 inch window tower bolts,Window tower bolts 4",60,0,0,0,0,3,0,false,Out of Stock,Product,published,2024-01-01,2024-01-01,2024-01-01,true,false,false,false,0.25,"{""length"": 4, ""width"": 0, ""height"": 0}",,"{""tower bolts"", ""window"", ""furniture""}",Window Tower bolts (black) 4",4 inch window tower bolts,"{""tower bolts"", ""window"", ""furniture""}","{""Secure"", ""Compact""}",,,,,0,0,0,0,0,false,,,,,,,,,
,Window Tower bolts (black) 5",Window Tower bolts (black) 5",window-tower-bolts-black-5,Furniture,,5 inch window tower bolts,Window tower bolts 5",70,0,0,0,0,3,0,false,Out of Stock,Product,published,2024-01-01,2024-01-01,2024-01-01,true,false,false,false,0.3,"{""length"": 5, ""width"": 0, ""height"": 0}",,"{""tower bolts"", ""window"", ""furniture""}",Window Tower bolts (black) 5",5 inch window tower bolts,"{""tower bolts"", ""window"", ""furniture""}","{""Secure"", ""Compact""}",,,,,0,0,0,0,0,false,,,,,,,,,
,Window fasteners,Window fasteners,window-fasteners,Furniture,,Window fasteners,Window fasteners,250,0,0,0,0,3,0,false,Out of Stock,Product,published,2024-01-01,2024-01-01,2024-01-01,true,false,false,false,0.2,"{""length"": 0, ""width"": 0, ""height"": 0}",,"{""window fasteners"", ""fasteners"", ""furniture""}",Window fasteners,Window fasteners,"{""window fasteners"", ""furniture"", ""windows""}","{""Secure"", ""Easy to operate""}",,,,,0,0,0,0,0,false,,,,,,,,,
,Window Stay,Window Stay,window-stay,Furniture,,Window stays,Window stays,150,0,0,0,0,5,0,false,Out of Stock,Product,published,2024-01-01,2024-01-01,2024-01-01,true,false,false,false,0.3,"{""length"": 0, ""width"": 0, ""height"": 0}",,"{""window stays"", ""stays"", ""furniture""}",Window Stay,Window stays,"{""window stays"", ""furniture"", ""windows""}","{""Adjustable"", ""Secure""}",,,,,0,0,0,0,0,false,,,,,,,,,
,Pad-bolt (Chapi) - Aluminium - 9" (Large),Pad-bolt (Chapi) - Aluminium - 9" (Large),pad-bolt-chapi-aluminium-9-large,Furniture,,9 inch aluminium pad bolt,Aluminium pad bolt 9",300,0,0,0,0,3,0,false,Out of Stock,Product,published,2024-01-01,2024-01-01,2024-01-01,true,false,false,false,0.4,"{""length"": 9, ""width"": 0, ""height"": 0}",,"{""pad bolts"", ""bolts"", ""furniture""}",Pad-bolt (Chapi) - Aluminium - 9" (Large),9 inch aluminium pad bolt,"{""pad bolts"", ""aluminium"", ""furniture""}","{""Lightweight"", ""Corrosion resistant""}",,,,,0,0,0,0,0,false,,,,,,,,,
,Locker Hasps 3",Locker Hasps 3",locker-hasps-3,Furniture,,3 inch locker hasps,Locker hasps 3",40,0,0,0,0,3,0,false,Out of Stock,Product,published,2024-01-01,2024-01-01,2024-01-01,true,false,false,false,0.2,"{""length"": 3, ""width"": 0, ""height"": 0}",,"{""hasps"", ""locker"", ""furniture""}",Locker Hasps 3",3 inch locker hasps,"{""hasps"", ""locker"", ""furniture""}","{""Secure"", ""Durable""}",,,,,0,0,0,0,0,false,,,,,,,,,
,Iron Hasps & Staples 2.5",Iron Hasps & Staples 2.5",iron-hasps-staples-2-5,Furniture,,2.5 inch iron hasps & staples,Iron hasps 2.5",40,0,0,0,0,5,0,false,Out of Stock,Product,published,2024-01-01,2024-01-01,2024-01-01,true,false,false,false,0.3,"{""length"": 2.5, ""width"": 0, ""height"": 0}",,"{""hasps"", ""iron"", ""furniture""}",Iron Hasps & Staples 2.5",2.5 inch iron hasps,"{""hasps"", ""iron"", ""furniture""}","{""Secure"", ""Durable""}",,,,,0,0,0,0,0,false,,,,,,,,,